6.0330822,50.6300496,5,
4.6578866,50.8298801,13,
4.6813789,50.8616611,60,rwn
4.6531399,50.8351218,1,
4.6429764,50.8381283,515,
4.6655618,50.8507141,62,rwn
4.6008328,50.8341885,508,
4.6144102,50.8420323,51,
4.6056928,50.8456394,50,
4.6151190,50.8369222,510,
4.6133158,50.8249694,207,
4.6196756,50.8491409,52,
4.5916531,50.8477864,5,
4.5750360,50.8366480,501,
4.5827721,50.8405669,59,
4.5654313,50.8363101,416,
4.6753733,50.8213908,124,
4.6892935,50.8257193,118,
4.6828153,51.1585524,25,
4.6323465,51.1547066,61,
4.6432554,51.1616401,69,
4.6172498,51.1517955,70,
4.6769267,51.1496557,29,
4.6755958,51.1500462,30,
4.4215877,51.0456931,76,
4.6856315,51.1527140,68,
5.6500940,50.6222088,13,
4.7044965,51.1160538,65,
4.7123497,51.1044388,43,
4.7364745,51.0666607,10,
4.6532011,51.1608280,37,
4.6469862,51.1614508,40,
4.6466207,51.1658965,39,
4.6575418,51.1514048,34,
4.6629467,51.1390986,92,
4.6536617,51.1394466,93,
4.6203678,51.1571244,58,
5.6579972,50.9747493,42,
5.6540365,50.9721568,47,
4.7021330,51.1527065,22,
4.7001227,51.1566474,23,
4.7086983,51.1524671,52,
4.7423607,51.1357110,10,
4.5639833,50.9187615,100,
4.6374157,51.2284233,84,
4.6277873,51.1532954,63,
4.6270040,51.1524626,62,
4.6325943,51.1545063,61,
4.6291865,51.1494898,66,
3.3030336,50.8070179,87,
4.7467290,51.1348827,80,
4.6121143,51.1543394,73,
4.7485672,51.0993091,21,
5.0335962,51.4273039,33,
5.0430734,51.4472526,24,
4.6039774,51.1516037,81,
4.5864808,51.1452129,86,
4.6207430,51.1568829,58,
4.6161226,51.1555381,72,
4.6273870,51.1568680,60,
4.5955201,51.1271970,18,
4.6583615,51.1181168,31,
3.8579354,50.7406884,62,
4.6039926,51.1442955,87,
4.5934167,51.1360116,84,
4.5999919,51.1463782,88,
4.5825154,51.1283125,09,
4.5950919,51.1451844,96,
4.3510060,50.9894145,344,
4.6061263,51.1497773,82,
5.7603254,50.7553243,26,
4.4708455,51.0695189,251,
5.1924061,51.2891408,12,
5.1909533,51.2916916,13,
5.1809459,51.2942138,15,
5.1897978,51.2873740,14,
4.9811797,51.3623010,11,
5.1785782,51.3117492,02,rcn
5.0444511,51.3052794,04,
3.2842705,50.8206286,52,
2.8461679,50.9214475,67,
6.2567746,50.4067254,33,
6.3422478,50.3798629,77,
4.2695556,51.0440717,97,
5.1017456,51.3517491,11,
5.1073888,51.3596595,06,
4.4854727,51.1886366,15,
4.4862258,51.1910565,16,
5.2007182,51.3078700,5,
4.0399808,51.0174547,31,
4.0451266,51.0137524,31,
4.5933680,51.1307121,13,
4.5929988,51.1284452,29,
4.5919065,51.1282227,44,
4.7159388,51.1182495,62,
4.7029941,51.1183890,64,
5.1612210,51.2191355,79,
5.1609114,51.2176736,19,
5.1599791,51.2136524,20,
5.2279498,51.2400154,28,
5.2221724,51.2511023,25,
5.2376219,51.2614550,24,
4.3894727,51.0118597,277,
5.6581491,50.9748930,42,
5.4824017,51.2297024,78,
5.6460369,51.1278772,213,
5.1498310,51.2769846,17,
5.0950219,51.2689555,117,
5.7117712,50.9335383,103,
4.1281894,51.2759152,54,
3.6570107,51.2901683,66,
3.6126650,51.2979420,78,
4.3947060,51.3558542,90,
4.3352481,51.3753879,02,
4.9274886,51.4438094,54,
3.6784289,50.6936242,30,
3.7224006,50.6946606,62,
4.4246837,51.1118848,205,
4.4164126,51.1008262,208,
4.4308412,51.1016588,220,
4.6877405,51.2582488,23,
4.6754804,51.2613277,53,
4.5629134,51.2244898,51,
4.6112157,51.2311577,67,
4.6704344,51.2514452,48,
4.6694260,51.2537767,21,
4.6613552,51.2511760,35,
4.5814952,51.2297076,54,
4.4218058,51.0466819,142,
4.4219883,51.0471185,143,
4.5279767,51.2772919,81,
4.4035614,51.0499834,68,
4.4005565,51.0506753,69,
5.3403445,51.0030743,76,
4.0316695,51.1980091,30,
5.7499475,50.7660779,15,
4.7140782,50.8643027,69,
4.6529985,50.8027920,107,
4.6458194,50.8025763,105,
4.6421810,50.8028843,104,
4.6296754,50.8010292,221,
4.1658164,50.7281798,327,
4.2037696,50.7437399,385,
3.8931517,50.7489756,99,
4.3958258,51.0095838,164,
4.3897087,51.0125717,291,
4.3999029,51.0155513,56,
4.3641356,51.0302931,14,
4.4801436,51.1830536,8,
4.4834141,51.1844076,9,
5.1866909,51.2378245,75,
4.6217511,50.8467463,53,
4.3723144,51.0263285,272,
4.3866885,51.0213012,11,
3.4347931,50.8169825,62,
4.6518480,50.8027789,106,
4.6383326,50.8380428,516,
4.6428211,50.8375193,514,
4.6314221,50.8406123,517,
5.4334615,51.1272939,311,
5.5244809,51.1304574,233,
5.4374768,51.2246521,40,
5.4409466,51.2127554,06,
5.4501113,51.2027619,14,
5.4612300,51.1995926,17,
4.6955925,50.8194427,144,
4.6326787,50.8532765,54,
4.4038913,51.0168965,54,
4.3945935,51.0186816,53,
4.3900614,51.0185030,12,
4.3870272,51.0192022,10,
4.3895782,51.0301864,137,
4.3945466,51.0317297,256,
4.3788594,51.0355912,15,
4.3918992,51.0370932,18,
4.3916753,51.0406467,19,
4.3892291,51.0419854,20,
4.3671837,51.0136141,06,
2.7112186,51.1370527,78,
2.7141969,51.1338240,81,
4.8183787,50.9493119,163,
4.8048152,50.9481495,165,
4.8193692,50.9185469,167,
5.2924192,50.9941125,98,
6.0318655,50.7090733,64,
6.0180120,50.7142865,12,
3.9830001,50.8989372,12,
6.0922846,50.6236796,72,
6.0940490,50.6281030,33,
6.0865820,50.6292990,17,
6.1384878,50.6642309,63,
6.2021188,50.5870413,59,
6.1835942,50.5747686,77,
6.2109824,50.5903012,61,
6.2338049,50.6024228,85,
6.2077081,50.6029811,78,
3.1230784,51.1462354,12,
5.5004127,51.1293172,234,
4.2887002,51.0828829,73,
4.2897267,51.0865307,54,
4.3061983,51.0914703,59,
4.3104376,51.0903479,65,
4.7589942,50.8278508,700,
3.1138217,51.1487581,9,
3.1320272,51.1568897,33,
3.3036965,51.0993974,29,
3.2789388,51.1034973,1,
3.3393096,51.1320138,4,
3.3395583,51.1307180,5,
4.7461567,50.9126168,13,
4.7494146,50.9111042,12,
5.5381323,50.9298614,112,
5.5454673,50.9365443,118,
5.5466214,50.9381570,118,
5.5463613,50.9359851,119,
6.1884636,50.6233714,62,
6.1784332,50.6028210,81,
6.1676515,50.6098659,37,
6.1686210,50.6158889,90,
6.1811711,50.6234128,14,
6.1970374,50.6140943,35,
3.3500122,51.1257828,92,
5.5336876,50.9566814,123,
5.5317285,50.9521665,123,
5.5408801,50.9481700,271,
4.6256412,50.7899490,225,
4.6351721,50.7875441,228,
4.6415399,50.8071725,103,
4.6409218,50.8231229,211,
4.4659430,51.0681044,253,
4.4988810,51.0706299,334,
4.6872893,51.1089304,36,
4.6780192,51.1087301,35,
4.8241368,50.9834599,247,
4.7393660,51.1013623,20,
4.3913434,51.1037731,118,
4.3874462,51.1038521,117,
4.3959935,51.1131087,203,
4.7189862,50.9287381,403,
4.4038618,51.1057155,113,
3.2332474,51.1808575,31,
6.0202477,50.7296323,74,
6.0172901,50.7359265,7,
3.7860691,50.7478959,34,Bronbossen
4.5648300,50.8367365,413,
4.5705020,50.8370491,500,
4.5802400,50.8426631,58,
4.5604237,50.8357840,START,
4.7201290,50.9398895,622,
4.5614451,50.8424006,412,
4.6111224,50.8552409,56,
4.6143108,50.8560703,55,
4.6291791,50.9609034,518,
4.6436443,50.9472580,525,
3.6664219,50.6566835,55,
4.4822869,51.0745688,330,
3.9296951,50.7727974,12,
4.7777752,51.0547287,57,
4.7705108,51.0601007,06,
4.6700123,50.8587536,61,rwn
4.7187318,50.9397881,623,
4.7874802,51.0620376,59,
2.5654811,51.0931103,1,
2.5693671,51.0849760,4,
4.7342721,50.9466276,606,
4.7331961,50.9475611,607,
4.7327920,50.9475495,607,
6.0141383,50.7086148,99,
6.0085784,50.7005770,31,
4.7393254,50.9207733,169,
4.7424647,50.9168320,100,
4.4695766,51.0600072,249,
4.4698613,51.0606776,248,
4.2933963,51.0652493,126,
4.4839560,51.0570456,294,
4.4925113,51.0565682,230,
4.7488119,51.0678957,72,
4.2303178,51.1035973,05,
4.7569573,50.9211307,1,
6.0024544,50.7086031,19,
6.0073461,50.7310045,45,
6.0273971,50.7421232,20,
6.2266740,50.5944761,67,
6.1701921,50.5908760,95,
6.1692101,50.5914555,46,
4.3073520,50.9511008,517,
4.2718973,50.9409799,428,
4.3041394,50.9714044,522,
4.3058005,50.9733367,539,
5.8660990,50.7586333,88,
4.7458070,50.8275346,70,
4.7509053,50.8188317,78,
4.6836494,50.8089084,110,
3.2972328,51.1600213,74,
3.2855839,51.1758673,65,
3.2579949,51.1883917,25,
4.2707438,50.9537021,411,
4.3059800,50.9382597,508,
4.3109625,50.9426027,509,
3.8464865,50.6482382,99,
4.4827606,50.9422367,920,
4.7392487,50.9108143,101,
6.1877955,50.5660212,80,
6.1804815,50.5777638,32,
4.1153752,50.9916986,55,
6.1765730,50.6196872,93,
6.2272212,50.6068399,91,
6.2191555,50.6120158,23,
4.7328831,51.0846658,16,
4.7102104,51.1140922,66,
4.4857082,51.1932042,17,
4.6270829,50.9167345,810,
4.6882608,51.1290633,81,
4.6853942,51.1305868,10,
4.6785145,51.1322393,87,
4.6817306,51.1357966,86,
4.6813932,51.1373412,85,
6.1151389,50.7138387,89,
6.1125703,50.7213927,35,
5.3892082,50.8587418,1,
5.3817204,50.8889961,14,
4.7410087,50.8943491,48,
4.7483759,50.8938069,49,
4.7271307,50.9013238,43,
3.2388816,51.1897074,29,
5.4901950,51.2245498,55,
5.4411300,51.2121843,04,
4.7485091,50.8978566,47,
4.7566774,50.8970517,55,
4.7674836,50.8955464,START,
4.2128459,50.9769091,45,
4.2043981,50.9830838,46,
6.0973903,50.7226765,38,
6.0976523,50.7187741,70,
6.1057632,50.7176744,51,
6.0988322,50.7206871,26,
4.4497003,51.0151090,51,
4.7596018,50.9219507,11,
4.7593263,50.9222148,11,
6.0699524,50.7149183,77,
6.0441579,50.7095711,33,
6.0242310,50.7100225,79,
6.0280413,50.7151029,2,
4.6565141,51.1937162,51,
4.6818948,51.1886424,60,
4.7430159,51.1888489,17,
4.7680275,51.1858948,96,
4.7837052,51.1840681,99,
4.7831361,51.1905069,43,
6.2288470,50.6192009,47,
6.2239759,50.6164546,59,
4.8101142,50.9263267,123,
4.8198525,50.9241436,134,
4.8003886,50.9179892,121,
5.4020737,51.0728033,54,
5.1864568,51.2389499,41,
3.9779606,51.1752826,35,
3.9360115,51.1716588,31,
3.9174519,51.1702968,29,
3.8972724,51.1672857,28,
3.2774857,51.1331031,38,
3.2910390,51.1410050,97,
3.2942297,51.1426247,98,
3.3194408,51.1532897,82,
5.3852967,51.1811677,409,
3.8753223,50.7820415,37,
5.7040230,50.9213846,106,
5.6558981,50.9674030,46,
4.7649018,50.9342557,105,
4.7646915,50.9386080,603,
4.8178989,50.9300722,132,
4.8184729,50.9279081,133,
4.7741735,50.9141247,110,
4.7866758,50.9130339,114,
4.7894369,50.9096504,57,
4.7949476,50.9139557,116,
4.6754748,51.1359566,89,
4.7151090,51.1115331,44,
4.6807336,51.1231936,76,
4.6581485,51.1135698,30,
4.6926580,50.9562791,627,
4.7022597,50.9475972,625,
4.4442203,51.0400753,130,
4.4442719,51.0394010,131,
4.2150425,51.1185948,21,
4.2049296,51.1142543,22,
4.1931150,51.1017169,24,
4.4792063,51.1893428,2,
6.1076988,50.6054728,36,
6.1030673,50.5957400,49,
6.1017402,50.5966612,19,
6.1171738,50.5850579,71,
6.1282935,50.5831104,4,
4.2428500,51.0201323,3,
4.2658463,51.0204926,307,
4.2631608,51.0435715,98,
4.2530181,51.0349437,95,
3.1349581,51.1467216,20,
3.1286393,51.1512872,24,
3.1241607,51.1546625,32,
3.1109872,51.1661235,40,
3.1210483,51.1555292,31,
3.1179180,51.1612087,30,
3.1127471,51.1666783,41,
4.7390767,51.0666478,73,
4.6957767,51.1152248,68,
4.7332776,51.0904104,18,
4.3474415,51.3433866,14,
4.5488350,50.9408163,1,
4.8747133,51.0233693,230,
4.8804842,51.0264522,398,
3.0945298,50.8515805,86,
4.7639518,50.9082422,19,
5.7589235,51.0925695,228,
5.7590839,51.0968973,226,
4.7046182,50.9687275,629,
4.6779428,50.9568451,522,
4.4001103,51.3471385,56,
4.3967324,51.3532855,58,
4.3964890,51.3536263,57,
5.4284143,51.2529261,90,
4.5862841,50.9987191,24,
4.9511452,50.9274724,320,
4.6589165,50.9601732,520,
4.6722060,51.0948893,40,
4.6642927,51.1007073,34,
5.4310787,51.2669097,96,
4.6622888,50.9763752,58,
4.6520223,51.1380345,94,
4.6442738,51.1302135,58,
5.4239270,51.2506309,54,
4.6422929,50.9864761,99,
5.4671969,51.2550403,137,
5.4691223,51.2597019,140,
5.4577246,51.2642615,134,
6.1528487,50.6376466,38,
4.8206897,51.1854484,04,
4.8209686,51.1887181,05,
4.5522233,50.8137703,404,
4.7867050,51.1896824,94,
5.4452169,51.2702950,128,
4.8297646,51.0193316,405,
4.8236679,51.0380165,98,
4.2456105,51.0664250,110,
4.2297624,51.0511409,106,
4.0696205,50.9808237,88,
5.4392074,51.2329962,88,
5.4392342,51.2322048,88,
4.4761436,51.0614980,255,
5.4155580,51.2493047,50,
5.4090274,51.2461130,47,
5.4196266,51.2335350,41,
5.4316759,51.2288163,39,
5.4290235,51.2339612,42,
4.6622180,50.9416005,528,
4.6399802,50.9613794,5,
4.6511435,50.9388830,529,
4.6341501,50.9603467,517,
4.4581352,51.0940166,234,
4.4627683,51.0893615,223,
4.4646537,51.0843741,286,
4.4657553,51.0798687,285,
4.4549118,51.0779821,284,
4.4482914,51.0768936,175,
4.4446065,51.0746604,174,
4.4412210,51.0780869,212,
4.4282646,51.0751666,172,
4.4254439,51.0741599,90,
4.4243742,51.0725085,165,
4.4241922,51.0712479,166,
4.4236614,51.0694521,89,
4.4182761,51.0734630,91,
4.4025270,51.0741493,92,
4.3757298,51.0804405,197,
4.3661595,51.0819066,121,
4.3660881,51.0819251,121,
4.3659492,51.0838469,101,
4.3820494,51.0823889,201,
4.7308742,50.8232846,138,
4.3743829,51.0841462,100,
4.3763242,51.0868777,244,
4.3795032,51.0882879,102,
4.3854161,51.0930180,200,
4.3897565,51.0906729,199,
4.3993966,51.0948475,296,
4.5392731,51.2535350,49,
4.5544241,51.2338452,48,
4.4487851,51.0150996,49,
4.4408795,51.0189024,48,
4.4431522,51.0136536,36,
4.4288132,51.0225160,46,
4.4213380,51.0285053,57,
4.4196765,51.0197966,42,
4.4162224,51.0182570,43,
4.2299224,51.3126487,23,
4.2285167,51.3206220,92,
4.2313133,51.3206454,92,
4.2448361,51.3207590,24,
4.2331381,51.3178053,93,
4.3579946,51.0900266,186,
4.2186524,51.3307561,87,
4.3427684,51.0966242,246,
4.4455530,51.0687603,169,
4.4798365,51.0606690,181,
4.3565986,51.1291161,316,
4.3568708,51.1257258,309,
4.3513163,51.1249632,310,
4.3598065,51.1193386,308,
4.3609185,51.1158256,314,
4.3626805,51.1125974,157,
4.4357036,51.0034874,32,
4.6062564,51.1251623,21,
4.4432594,51.4460656,40,
4.7752595,51.4430529,31,
4.8932848,51.4069486,24,
3.5419485,51.2641492,97,
4.4331897,51.4425295,41,
4.4803403,51.4301003,02,
5.0917427,51.4461388,88,
4.5261617,51.4805471,12,
5.7652012,51.0061755,81,
3.6089917,51.2764268,74,
3.5296731,51.2614093,99,
4.5881178,51.4306082,44,
4.5287345,51.4262998,86,
4.5090469,51.4530876,44,
4.5280544,51.4552640,19,
3.3664780,51.3359793,25,
5.0072618,51.4502954,20,
4.7079371,51.1381383,16,
4.7515626,51.0638666,08,
5.3010786,51.1806072,173,
5.2780600,51.1617245,164,
5.4889195,51.2777964,193,
5.5253290,51.2657178,144,
5.5011113,51.2538647,170,
5.5066517,51.2571602,171,
4.4182154,51.0773440,267,
4.4492982,51.0712880,171,
4.4652389,51.0728626,177,
4.4717586,51.0728237,227,
4.4787765,51.0752862,333,
5.4688209,51.2729903,196,
4.5653846,51.1254634,34,
4.5696465,51.1266674,32,
4.5699739,51.1265050,32,
4.5648663,51.1349985,36,
4.5660845,51.1275060,35,
4.2270227,50.9947180,49,
4.2262705,50.9959537,48,
4.7274552,50.9436209,621,
4.5305292,50.9208177,16,
4.3204238,50.9251504,51,
4.2476562,50.9915487,324,
4.7209099,50.9574430,609,
4.7208240,50.9588197,610,
4.7236432,50.9602264,611,
3.8625006,50.9604488,43,
5.6800928,50.9905360,25,
4.6412690,50.9432255,532,
4.6262623,50.9464783,533,
5.4235711,51.2594324,95,
5.4252658,51.2613799,94,
5.4285079,51.2635212,93,
4.5753548,51.1316799,2,
4.5756146,51.1315810,2,
4.5749347,51.1302657,3,
4.5745750,51.1286067,30,
6.0385985,50.3332911,11,
5.5278558,51.2535272,162,
4.1942413,51.2947578,34,
4.8131241,51.3496810,34,
4.7764702,51.4015159,83,
4.9364076,51.3818028,61,
5.6565447,50.9514051,52,
4.5877395,50.8321209,502,
4.5891644,50.8320494,505,
4.5839481,50.8396016,506,
4.6506519,50.8484473,519,
4.6118780,50.8297167,208,
4.6193811,50.7978104,222,
4.6261605,50.7597817,248,
4.2357245,50.7343571,390,
4.2086612,50.7522356,386,
4.2233563,50.7372342,381,
4.2293093,50.7424669,380,
4.5273476,51.2776393,06,
4.5398171,51.2873606,08,
3.2913890,51.0957776,11,
3.2913941,51.0981431,24,
4.7336834,51.4200594,78,
4.7386268,51.4210049,45,
4.7466069,51.4257897,44,
4.7467178,51.4333438,41,
4.7508474,51.4375693,36,
4.7573718,51.4504041,61,
4.7555897,51.4522455,56,
4.7515398,50.8147561,79,
4.2579713,51.1061231,180,
4.2783595,51.0961123,52,
4.2793994,51.0884543,53,
4.3109261,51.0929199,60,
4.2989307,51.1083872,50,
4.2857795,51.1128068,16,
4.2713874,51.1078471,12,
4.9479555,51.0889158,330,
5.0386844,51.2082061,61,
3.3043960,51.0967663,28,
4.7793629,51.4988873,02,
4.7734853,51.4880382,32,
4.7668665,51.4803134,50,
4.7535150,51.4734247,49,
4.7530764,51.4734619,49,
4.7404392,51.4578761,54,
4.7377949,51.4618921,57,
4.7202916,51.4601570,36,
4.6905383,51.4459182,30,
4.9936484,50.9362131,35,
4.4660620,50.9837983,821,
4.9861888,51.0699914,222,
4.4610570,50.9680811,835,
4.4432614,51.3683200,83,
4.4685326,51.3925820,96,
2.8605169,51.2066078,67,
4.6134628,51.4011229,16,
4.6106334,51.4012550,18,
4.6063030,51.3840192,42,
4.5967261,51.3831469,34,
4.5800055,51.3772353,85,
5.0577262,51.1626760,55,
4.6049696,51.3878557,36,
4.6849911,50.8449316,63,
4.6950033,50.8251926,141,
4.7124628,50.8099751,114,
4.7529397,50.8211586,77,
4.7487937,50.8263537,7,
5.0812443,51.2657865,122,
6.0585947,50.2442595,69,
4.3489436,51.1517248,322,
4.5240261,51.4356365,18,
5.4310115,51.2342871,87,
5.4784227,51.2657244,180,
5.4995075,51.2723605,182,
4.5547223,50.9042355,81,
4.5670777,50.9067237,8,
4.5730779,50.9081206,85,
4.5402253,50.9013945,82,
4.5401976,50.9127417,18,
4.5571502,50.9051509,80,
4.5509044,50.9119439,84,
4.5724235,50.9150116,86,
4.5687164,50.9198999,108,
5.4632908,51.2399316,83,
5.4636528,51.2398961,83,
3.9595024,50.9234038,59,
3.4183405,51.0969500,12,
3.4253343,51.0911938,8,
3.3268227,51.1010665,43,
4.4656931,51.2902639,50,
4.0818577,50.8920506,41,
4.0851204,50.8841969,420,
4.6277441,50.9141672,809,
4.6140988,50.9095638,803,
4.5691878,51.1283480,31,
4.3414282,51.1346125,317,
5.8340915,50.7454926,66,
4.3378072,51.1406422,325,
5.3779501,51.1381007,233,
5.3930925,51.0098099,146,
5.4535908,51.1328661,309,
5.0350610,51.1052412,80,
5.0304583,51.1028580,174,
4.5729751,51.1311988,1,
5.0379513,51.1137939,18,
4.6697406,50.9521659,524,
6.1640192,50.6429635,95,
6.2265089,50.6039264,44,
6.2330411,50.6022153,94,
4.5143088,50.8244977,START,
5.1165966,51.0861453,75,
5.0403285,51.1052341,98,
4.4648576,51.3101099,21,
4.4758572,51.3141263,12,
4.4908835,51.3209492,11,
4.4919380,51.3214391,05,
4.4845320,51.3295308,10,
4.4649833,51.3320571,23,
4.4821261,51.3393284,65,
4.4515997,51.3486293,46,
4.4933285,51.2826893,99,
4.4596604,51.3648522,19,
4.4617114,51.3599126,37,
4.5160765,51.2966294,93,
4.4587548,51.3688674,18,
4.4549883,51.3744196,09,
4.4598040,51.3761810,55,
4.5000292,51.2952224,67,
4.4562450,51.3813094,12,
4.4617737,51.3768899,54,
4.4769571,51.3817971,01,
4.4832029,51.3889610,90,
4.4823114,51.3892827,93,
4.4886182,51.3906339,92,
4.4901469,51.3712740,03,
2.8712270,51.2127101,66,
4.4818378,51.3621895,24,
4.4864423,51.3544188,27,
4.4932454,51.3516250,80,
4.5027150,51.3353465,61,
4.5065816,51.3281522,04,
4.4756476,51.3543964,29,
4.4861027,51.3550841,28,
4.5044701,51.3320445,43,
4.5005975,51.3139199,89,
4.5008211,51.3163926,02,
4.5025220,51.3235496,03,
4.5066982,51.3206618,87,
4.5220892,51.3196665,42,
4.5239332,51.3208307,85,
4.5304248,51.3154379,82,
4.5240984,51.3117537,83,
4.5386307,51.3094551,71,
4.5384841,51.3078809,79,
4.5477401,51.3094591,33,
4.4747303,51.3524202,31,
4.4741256,51.3526392,30,
4.4636251,51.3531134,33,
4.4622250,51.3557899,35,
3.3673372,51.0851272,15,
4.4594142,51.3486081,68,
4.4619267,51.3538494,34,
3.3716839,51.0908347,78,
4.4611308,51.3479004,67,
4.5872078,51.2936576,45,
4.4492433,51.3495998,44,
4.4449775,51.3514063,43,
4.4473174,51.3535586,42,
4.4483506,51.3544296,41,
4.4450032,51.3544510,40,
4.4475588,51.3625125,16,
4.5700682,51.2789335,14,
4.5690241,51.2639558,35,
4.5738124,51.2730378,38,
4.5693561,51.2793312,19,
4.5624636,51.2739490,22,
4.5607556,51.2678237,25,
4.5595522,51.2630582,32,
4.5609319,51.2572069,44,
4.3924302,51.3448587,72,
4.3913726,51.3388266,75,
4.3917171,51.3305074,85,
4.3987578,51.3235361,91,
6.0071958,50.6805071,11,
5.0464244,51.4280858,83,
5.0447747,51.4280231,02,
5.0274828,51.4313714,34,
4.5653543,51.2364371,57,
4.4493020,50.9951396,814,
4.6166541,51.2372298,83,
4.6076620,51.2350868,66,
4.6033220,51.2414679,63,
4.5890576,51.2612699,91,
5.0359146,51.4197635,01,
4.4326750,51.0027473,31,
4.4311975,51.0106271,35,
4.6005323,51.2616488,94,
4.6192264,51.2709939,83,
4.4041662,51.0170004,55,
4.4106463,51.0263832,270,
4.6342967,51.2703987,41,
4.6255430,51.2634577,96,
4.6305510,51.2470423,05,
4.6143598,51.2211210,72,
4.6144586,51.2207712,6,
4.3745023,51.0721190,191,
3.3476839,51.0674647,56,
5.0872696,51.2663980,115,
4.7854017,51.2637161,77,
4.8242554,51.2384751,12,
4.8410769,51.2212880,77,
4.9575615,50.8287792,200,
4.0744915,50.9459642,8,
4.1927804,50.9726133,704,
5.0387459,51.1074109,30,
2.8732414,50.7772024,50,
2.8682379,50.7725890,39,
2.8735332,50.7706933,41,
2.8468815,50.7471740,17,
2.8582587,50.7633222,21,
2.8284478,50.7757939,9,
2.8182298,50.7767979,3,
2.8186141,50.7826296,76,
2.8208167,50.7871684,95,
2.8226442,50.7904229,94,
2.8538261,50.8112326,50,
2.8752863,50.7970263,30,
2.8993578,50.8197923,20,
2.9506244,50.8323109,46,
2.9539952,50.8354827,74,
2.9701657,50.8451058,63,
2.9978569,50.8859974,45,
2.9945366,50.8842379,44,
2.9929336,50.8854254,43,
2.9682601,50.8931462,28,
2.9545767,50.8943096,29,
2.9290279,50.8973439,30,
6.1532843,50.5544869,1,
6.1487543,50.5473133,84,
6.1381854,50.5480938,64,
6.1410463,50.5453560,17,
6.1356022,50.5723108,13,
6.1254354,50.5829510,27,
4.6106527,50.9126937,804,
4.5838689,50.9353194,112,
4.5527942,50.9262071,102,
4.5859042,50.9258123,110,
4.5284034,50.9773895,200,
3.2913809,51.1044572,23,
4.5303355,50.9828070,29,
4.9496121,50.8215714,21,
4.4434418,51.0366373,129,
4.4367086,51.0447937,163,
4.4305491,51.0627767,86,
4.4294350,51.0627846,86,
4.4296135,51.0509652,78,
4.4223959,51.0453652,275,
4.4284219,51.0628877,85,
5.0257451,51.2217185,42,
5.0735104,51.2708931,110,
4.8280206,51.0318995,350,
4.9289003,51.0602480,26,
5.0773574,51.2644671,123,
5.0961874,51.2740276,129,
5.0862983,51.2700237,120,
5.0890925,51.2674225,116,
5.0858764,51.2386729,77,
5.0959741,51.2444313,19,
5.0957623,51.2492879,43,
5.1001473,51.2511221,42,
4.9679248,50.8249893,201,
4.9948136,50.8306162,203,
4.9957618,50.8241925,205,
4.9691849,50.8190427,28,
4.9527738,50.8147986,20,
5.1066381,51.2591913,16,
5.1070153,51.2549014,28,
4.1226989,50.9080025,108,
4.1123213,50.9061105,105,
5.0271440,51.3622832,25,
5.0935430,51.3716489,02,lwn
4.5606498,50.9540387,139,
5.0723403,51.4558754,12,
5.0701610,51.4522778,28,
4.5325627,51.3543052,54,
4.5212139,51.3591757,51,
4.5287900,51.3501717,57,
4.5216200,51.3596207,52,
4.5463342,51.3617029,44,
4.5432133,51.3505287,92,
4.5115114,51.3042911,90,
4.5512528,51.3916456,24,
4.5336576,51.3892433,29,
4.4926917,51.3692422,05,
6.1624594,50.6056469,92,
6.1621877,50.6055432,92,
4.8321924,51.3249494,63,
4.8322785,51.3246605,63,
4.4829621,51.0577956,229,
4.4667776,51.0695491,180,
4.4715950,51.0712492,179,
5.0516940,51.1969021,86,
5.0908167,51.2014209,46,
5.1077139,51.2390483,40,
5.0743612,51.2504010,113,
5.0478908,51.2336125,135,
5.0420309,51.2255828,5,
5.0451635,51.2323046,133,
4.2842532,51.0065822,320,
4.2912435,51.0093091,316,
5.6794536,50.8144813,38,
4.5913419,50.8488639,57,
4.5965236,50.8317566,509,
4.7229510,50.8911635,START,
4.7546790,50.8975935,56,
4.7610164,50.9465575,62,
5.7721198,50.7608593,35,
5.7627709,50.7589621,23,
5.7632602,50.7594251,22,
5.7784998,50.7529063,31,
5.7785024,50.7520041,29,
5.7801284,50.7524669,30,
5.7707107,50.7513344,27,
5.7134990,50.7569795,01,
5.7144999,50.7583472,08,
3.2695875,50.7960348,35,
4.4937956,51.0696034,254,
4.7816584,50.9792455,711,
3.0606233,50.8902478,77,
3.1644851,50.8390127,17,
4.6701074,50.9861692,500,
4.6779796,50.9881853,start,
4.6682873,50.9659405,57,
4.6701523,50.9649233,637,
4.4724152,51.2713277,54,
4.4826052,51.2770797,65,
4.4850710,51.2706268,01,
4.6506030,50.9380009,530,
4.5015043,51.2854111,98,
4.5013966,51.2856672,98,
4.4986979,51.2893374,97,
4.6569562,50.9444075,527,
5.1361534,51.2380570,25,
5.1378892,51.2318033,07,
5.0734899,51.2415906,21,
3.7587172,50.6791755,92,
3.7357156,50.6789646,73,
3.7348736,50.6792626,74,
3.7132655,50.6782537,61,
3.7103876,50.6824907,78,
3.6945830,50.6832960,24,
3.6944824,50.6847139,21,
3.6891456,50.6838947,20,
2.7101988,50.8412392,39,
4.6150088,50.9526788,120,
4.3492177,51.1067831,108,
4.3426751,51.1094950,109,
4.3385153,51.1184298,306,
4.3477368,51.1193455,307,
4.3248173,51.1294185,313,
4.3143821,51.1143087,112,
4.3411519,51.1490730,323,
4.3483703,51.1408082,320,
4.3460888,51.1442361,321,
4.3109494,51.1194286,82,
4.3100391,51.1166738,18,
4.3009597,51.1168777,17,
4.3018098,51.1188168,17,
4.2956501,51.1220011,15,
4.3001285,51.1096433,20,
4.2770015,51.1197165,10,
4.2673295,51.1152999,07,
4.3079602,51.1024770,61,
4.3032359,51.0972143,58,
4.3124482,51.0915858,64,
4.3180328,51.0950267,63,
4.3207827,51.0960507,62,
4.3292058,51.0908964,66,
4.3378009,51.0815382,67,
4.6621915,50.9576695,521,
4.4028213,51.0381035,72,
4.4058727,51.0393052,73,
4.4039640,51.0418265,70,
4.3934160,51.0494426,67,
4.3934456,51.0543216,139,
4.4048592,51.0610590,150,
4.3790040,51.1063435,196,
4.3851155,51.1077293,116,
4.4193182,51.1080826,206,
4.6993252,50.9460368,626,
6.1530641,50.1974410,33,
6.1755809,50.2168969,31,
6.2091903,50.2601398,43,
6.2591023,50.2885938,1,
6.3392570,50.3313408,2,
6.3412069,50.3301881,7,
4.6219682,50.9643246,519,
4.6291227,50.9705673,514,
4.6358851,50.9747890,515,
4.7329601,50.8242621,116,
4.7420573,50.8197772,71,
3.8732530,51.1527445,1,
3.8964224,51.1498934,2,
3.6801231,50.7335667,24,
4.6491381,50.9681670,53,
4.4580062,50.9865394,822,
4.4567815,50.9859788,823,
6.1008442,50.7117598,2,
3.7316279,50.7185312,54,
4.6567360,50.9654231,54,
4.6516766,50.9645037,52,
4.6506767,50.9653091,51,
4.5047743,51.2676670,05,
4.6918296,50.8405269,65,
4.8577677,51.0315895,400,
4.8622650,51.0365583,257,
4.8731651,51.0361192,395,
4.8732356,51.0293477,265,
4.8750469,51.0230054,258,
4.8869462,51.0145385,256,
4.9419501,51.0221272,269,
4.9549459,51.0086656,59,
4.8860852,50.9871879,737,
4.8698220,50.9921489,410,
3.1965174,50.8109413,38,
4.2795906,51.1118364,11,
4.2769361,51.1031800,13,
4.2932971,51.1144512,19,
4.9344948,51.3988642,59,
4.6349392,50.7877790,227,
4.6288846,50.7957239,224,
4.6161631,50.7709974,255,
4.6235896,50.7772656,235,
4.8916552,51.4041596,25,
4.8857611,51.3992049,28,
4.8576164,51.3979276,43,
4.1933999,50.7979765,111,
4.2113986,50.7988638,731,
4.1853347,50.7976281,116,
4.1886107,50.7996400,11,
4.1981935,50.8075795,127,
4.2103149,50.7826917,73,
4.2113381,50.7803549,76,
5.1771811,50.8174392,10,
5.1051501,50.8634324,337,
4.5923299,50.7792288,260,
4.8080304,51.0383536,99,
4.8058538,51.0537033,95,
4.8798535,51.4098624,32,
4.8751600,51.4087197,31,
4.8428379,51.4015847,60,
4.8369999,51.4022473,20,
4.8096482,51.4011306,11,
4.8475838,51.3964115,46,
4.8367121,51.3941736,78,
4.8226862,51.4079137,02,
4.8278885,51.3821891,25,
4.8242684,51.4028164,01,
4.8273638,51.3930491,22,
4.8111020,51.4300400,94,
4.8362142,51.4094522,05,
4.8017381,51.4054916,08,
4.8209685,51.4129906,06,
4.7849016,51.4337014,30,
4.7701579,51.4355216,32,
5.4061788,51.2575176,51,
5.4105604,51.2495225,48,
4.8086295,51.0414318,97,
4.9362436,51.4342331,88,
4.9353898,51.4343160,88,
5.0694171,51.1223573,43,
5.1189004,51.1152687,98,
5.1210009,51.1186173,94,
5.1276624,51.1191280,93,
4.9990382,51.1385897,69,
4.6408868,50.9868664,502,
4.6172378,50.9872278,505,
4.6153242,50.9877945,506,
4.9209239,51.4461869,63,
4.9284251,51.4345286,80,
4.9317417,51.4418103,73,
4.6464576,50.9842802,501,
4.6178802,50.9928221,503,
4.2419031,51.1126917,06,
4.6197726,50.9881879,504,
4.5867079,50.9764549,21,
4.5928400,50.9554777,119,
4.5933107,50.9551185,119,
4.2367473,50.8187606,719,
4.2361938,50.8201304,720,
4.2373607,50.8136135,726,
4.2374862,50.8151654,718,
3.9782572,50.9349552,66,
5.0562947,51.2876548,106,
5.0639148,51.2860851,97,
5.0676467,51.2812437,108,
5.0733460,51.2819834,109,
4.2251677,50.8012052,744,
4.2329347,50.8056253,742,
4.2436467,50.8029425,741,
4.2171891,50.8076400,728,
4.2041655,50.8161637,125,
4.2025993,50.8219813,197,
4.1556071,50.8057326,1,
4.1553906,50.8061364,1,
4.1552485,50.8061673,1,
4.1517232,50.8221684,154,
4.2437453,50.7795819,701,
4.2429139,50.7803968,700,
4.2339875,50.7749966,706,
4.2318847,50.7736017,705,
4.2387276,50.7815900,710,
4.2114889,50.7775028,77,
4.2283169,50.7771211,707,
4.2245511,50.7771719,708,
4.2141492,50.7698113,78,
4.1924486,50.7870649,114,
4.1911334,50.7893260,113,
4.1782865,50.7942867,117,
4.1662020,50.7898124,136,
4.1654261,50.7894901,135,
4.1459748,50.7857412,130,
4.1446892,50.7867851,13,
4.1530759,50.7783395,39,
4.1533661,50.7786454,39,
4.1571441,50.7798370,38,
4.1538721,50.7733138,304,
4.1539516,50.7738786,300,
4.1574138,50.7688415,305,
4.1737091,50.7818179,35,
4.1757035,50.7829059,33,
4.1868225,50.7858709,32,
4.1827482,50.7776100,31,
4.1828897,50.7771237,31,
4.1686532,50.7692425,312,
4.1685841,50.7672646,311,
4.1692957,50.7651151,310,
5.4835133,51.2291282,34,
5.4589697,51.2246101,37,
4.2391979,50.7529850,393,
4.2386005,50.7488292,392,
4.4678286,51.0880133,233,
3.7821407,50.8605901,66,
5.0340574,51.3017285,06,
5.4400382,51.2334020,86,
4.4433164,50.9837134,833,
4.4973134,50.9598553,869,
6.2559386,50.2915613,6,
6.2467797,50.2980816,29,
6.2432071,50.3013177,26,
6.2643406,50.3191923,53,
3.5012499,50.8275572,4,
3.5067473,50.8246782,6,
5.4422711,51.2000409,13,
5.4757528,51.1978889,26,
5.4872912,51.2062374,29,
5.4781781,51.1979439,32,
4.2011604,50.9495605,720,
4.2025067,50.9470276,401,
4.2024742,50.9462244,401,
4.1955474,50.9400468,402,
4.1913419,50.9367327,403,
4.6122789,50.9813919,512,
4.1553596,50.7398253,331,
4.1597595,50.7487147,334,
4.1676734,50.7426699,336,
4.1802827,50.7443679,323,
4.1802137,50.7441139,323,
4.1748436,50.7326717,325,
4.1742255,50.7325294,325,
4.1744316,50.7371095,324,
4.2022593,50.7390804,383,
4.1514620,50.7368528,330,
4.1363650,50.7400369,341,
4.1359796,50.7392665,346,
4.2076193,50.9324164,200,
4.2018661,50.9509170,721,
4.2392626,50.9372676,414,
4.2389965,50.9329483,415,
4.2350853,50.9411782,409,
4.2047891,50.9172532,206,
4.2063150,50.9128091,207,
4.1855540,50.9353802,28,
5.0350887,51.4461820,22,
5.0388495,51.4456254,23,
5.0227078,51.4471153,21,
4.9774570,51.3461507,47,
4.9693987,51.3519698,60,
4.9583610,51.3430251,31,
3.2611569,51.1565500,60,
3.2591181,51.1555378,59,
4.9421212,51.3431286,75,
4.9311734,51.3270897,16,
4.9521400,51.3444047,74,
4.9406199,51.3530760,06,
3.7672216,50.8625416,68,
3.7560987,50.8435096,72,
3.7468561,50.8411789,75,
3.7859479,50.8700919,81,
3.7827282,50.8699690,82,
3.7776225,50.8797924,90,
3.7746490,50.8701763,83,
3.6515847,50.8807506,17,
3.6695825,50.8850935,15,
3.6683180,50.8628223,36,
3.6632978,50.8600966,35,
3.6386650,50.8755072,23,
3.6427799,50.8841141,20,
3.6472356,50.8834222,19,
4.2497737,50.9102307,212,
4.2560370,50.9293488,420,
4.2625525,50.9087911,213,
4.2574644,50.9222362,421,
4.9376882,51.3727500,02,
4.9822766,51.3904377,66,
5.0094703,51.3985096,68,
4.1891777,50.9699742,703,
4.1980945,50.9704996,709,
6.1265347,50.6648647,51,
4.1849927,50.9775558,700,
4.1899335,50.9617360,711,
4.1707896,50.9898999,41,
5.0250792,51.4046499,52,
5.0312237,51.4067613,51,
5.3757260,51.1415401,234,
4.1977925,50.9098556,20,
4.1331185,50.9986000,44,
3.7934356,50.8791700,15,
3.7908605,50.8936282,19,
4.2484773,50.9097311,211,
4.2503863,50.9097560,212,
4.2678828,50.9164483,422,
4.2657411,50.9403133,418,
4.6021918,51.2376202,62,
4.6190657,51.2421326,81,
4.6251438,51.2510511,02,
4.1730392,51.1101737,137,
4.1698437,51.1074299,135,
4.1715449,51.0783373,146,
4.1846536,51.0739038,143,
4.1852749,51.0733286,143,
4.1854852,51.0742759,143,
4.1839602,51.0668664,145,
4.1890675,51.0580439,75,
6.0111466,50.7160088,30,
6.0118090,50.7163459,34,
4.1898704,51.0210278,10,
4.4575995,51.0015404,818,
4.4541020,51.0037722,817,
4.4489542,51.0128835,185,
4.1896203,51.0080358,24,
4.1887645,51.0072703,24,
4.4522630,51.0031628,184,
4.4533800,50.9967687,815,
4.4494678,50.9949860,814,
4.4636118,50.9906349,820,
4.2009522,50.9922275,54,
4.1912855,50.9840857,52,
4.2641838,50.9975429,322,
4.2677388,51.0113315,303,
4.2674724,51.0133086,304,
4.2690182,51.0151111,305,
4.2538841,51.0260301,32,
4.2498680,51.0434889,119,
4.2558734,51.0509472,118,
4.2649902,51.0561678,117,
4.2707391,51.0614384,127,
4.2712730,51.0577302,128,
4.2710437,51.0651181,115,
4.2658714,51.0660768,122,
4.2658658,51.0756501,123,
4.2290073,51.0791561,40,
4.2078621,51.0829161,100,
4.1960597,51.0800403,49,
4.1913592,51.0843234,48,
4.1895426,51.0695057,35,
4.2002538,51.0536480,79,
4.2022169,51.0529466,80,
4.1940369,51.0498287,81,
4.1980493,51.0388993,87,
4.2034420,51.0325670,5,
4.2118658,51.0240454,6,
4.2256287,51.0313732,90,
4.2323042,51.0337124,91,
4.2405830,51.0369485,92,
4.2465531,51.0332668,93,
4.2634806,51.0324840,34,
4.2735247,51.0377976,35,
4.2729319,51.0397951,96,
4.2883278,51.0398924,36,
6.1127546,50.6926038,21,
4.2658563,50.8972032,224,
4.2652088,50.8981667,223,
4.2922340,50.8885505,221,
4.2958401,50.8919892,220,
4.2931885,50.8935035,219,
4.1590455,50.9786135,722,
6.0109967,50.7126745,57,
4.6087008,51.1584374,75,
4.6091689,51.1580921,75,
4.6105195,51.1585479,74,
4.4378105,50.9909083,813,
4.4463131,50.9965832,33,
4.4369100,50.9944762,812,
4.4314085,50.9856427,809,
4.6630178,51.1378167,92,
4.6755998,51.1362311,89,
4.6817020,51.1228149,76,
6.0068949,50.7104241,65,
5.9879162,50.6953521,36,
4.7124882,51.0945209,56,
4.7101336,51.0894664,57,
4.7104010,51.0869444,58,
3.5044082,50.8337348,44,
3.5001320,50.8351595,46,
3.4921468,50.8410577,39,Leiestreek
3.5054817,50.8218156,7,
3.5011549,50.8223794,8,
4.3062204,51.0742992,71,
6.1186525,50.6793825,60,
4.8251280,51.0643536,52,
4.8292413,51.0642033,280,
4.8346092,51.0614367,334,
4.8250137,51.0516053,92,
4.8539517,51.0579052,66,
4.8547655,51.0581978,202,
4.8837542,51.0650032,356,
4.9035620,51.0618870,88,
4.9011576,51.0560696,355,
4.9385628,51.0626270,118,
4.9292418,51.0771162,22,
4.9182217,51.0853916,131,
4.9207893,51.0874429,130,
4.9067810,51.0920945,05,
5.3364520,51.2483514,52,
5.3033513,51.2558274,57,
5.3128302,51.2540168,50,
5.3124916,51.2535605,50,
4.9207893,51.0850032,19,
4.9168182,51.0862983,16,
4.1719664,51.0635071,147,
4.1713907,51.0603522,156,
4.1685909,51.0603353,157,
4.1730241,51.0480742,155,
4.1627494,51.0468529,154,
4.1592213,51.0497214,158,
4.5076381,50.9582181,303,
4.5150871,50.9515820,302,
4.5178172,50.9516941,132,
4.5177168,50.9560680,133,
4.5915414,50.9431054,114,
4.5579842,50.9503834,126,
4.5093210,50.9478945,301,
4.1583362,51.0547727,159,
4.1586157,51.0556805,159,
4.1572322,51.0561804,159,
4.1521916,51.0585360,160,
4.1493491,51.0593839,161,
4.1605873,51.0648597,163,
4.1588178,51.0663374,164,
4.1403195,51.0578694,162,
4.6906596,51.1424102,18,
4.6914532,51.1504770,19,
4.6179345,51.1322302,52,
4.6163874,51.1326420,53,
4.1764544,51.0845132,140,
4.1690153,51.0906008,139,
4.1699437,51.0919654,131,
4.1749191,51.0919314,45,
4.1837644,51.0882789,47,
4.1735573,51.1009353,134,
6.0528650,50.7192661,71,
5.0674941,51.1366618,91,
4.6835619,51.1517452,27,
4.7165254,51.0893862,13,
4.6984519,51.1518029,69,
4.7151362,51.0921072,59,
4.7154043,51.1206688,63,
4.7219845,51.1282651,98,
4.5526788,50.9451563,127,
3.7863409,50.8514246,54,
3.7734150,50.8464904,56,
4.6124896,50.9944631,93,
3.7731554,50.8540618,64,
4.2304635,50.7500441,394,
4.2284735,50.7638314,704,
4.2339573,51.3017011,20,
4.6285117,51.1656969,50,
4.2642737,50.7932431,713,
4.2468886,50.7994692,738,
4.2607953,50.8098038,717,
4.2140947,50.7891128,732,
4.2000659,50.7778811,72,
4.1994207,50.7868499,70,
4.1970593,50.7913011,112,
4.2063924,50.8017042,730,
4.6827738,51.1339652,83,
4.6801440,51.1311493,40,
4.6863928,51.1321465,17,
4.6881075,51.1417935,84,
4.0955966,50.7295778,364,
4.1246787,50.7636178,261,
4.1180150,50.7754637,263,
4.1252316,50.7781621,212,
4.1346045,50.7807267,219,
4.1164039,50.7761987,264,
4.1192780,50.7833600,214,
4.1177597,50.7827584,215,
4.1169958,50.7952548,27,
4.1337035,50.7904536,205,
4.1181339,50.7829094,215,
4.1184351,50.7891693,223,
4.1198738,50.8000012,26,
4.1158452,50.8084211,21,
4.5876822,51.1447174,94,
4.5978960,51.1553655,77,
4.5957735,51.1530233,79,
4.5855098,51.1499227,78,
4.5824021,51.1428619,7,
5.4897734,51.2706375,177,
5.4956524,51.2534809,147,
5.5043797,51.2394757,150,
5.4239720,51.1790253,488,
5.4260098,51.1854661,487,
3.2685040,51.1951002,24,
4.6361438,51.3285363,46,
4.6383567,51.3270311,45,
4.1332241,50.9320960,40,
4.1300792,50.9317501,41,
4.1376518,50.9228494,45,
5.1090306,51.1276645,63,
4.8025910,50.9701406,73,
4.8135667,50.9694398,704,
4.2195362,50.9684232,43,
4.2051069,50.9861876,47,
4.1755954,50.9412018,7,
4.1875937,50.9531332,715,
4.5893240,51.1330778,10,
4.5890105,51.1336199,10,
4.2527742,50.9406999,417,
4.2186394,50.9077612,209,
4.2481619,50.9835580,325,
4.1653523,50.9122861,244,
4.1763442,50.9672672,702,
4.6887633,50.8295150,117,
4.6634547,50.8220894,16,
4.2292656,50.8912726,248,
6.0056798,50.7071051,46,
6.0035692,50.7080978,81,
6.0048160,50.7092400,25,
4.7199725,50.8940697,4,
4.6626391,50.9666173,56,
4.6800540,50.9596974,636,
4.6358321,51.1683244,49,
4.6343368,51.1667268,48,
4.6369544,51.1656745,47,
4.6323126,51.1651069,51,
4.6162842,51.1622438,57,
4.6516433,51.1612077,38,
4.7677680,50.8955196,5,
4.2237202,50.9290537,203,
4.2170753,51.3138801,22,
4.2133766,51.3142659,21,
4.1935255,51.2946931,34,
4.1733985,51.2935376,33,
4.1973378,51.3161055,71,
4.1981112,51.3158967,71,
4.2052699,51.3230595,70,
4.1421499,51.2637545,97,
4.1580303,51.2785108,99,
4.1573389,51.2705624,98,
4.1705676,51.2765436,1,
4.1756274,51.2721157,4,
4.1623988,51.2661403,3,
4.1808608,51.2675278,6,
4.1877258,51.2615226,11,
4.1912162,51.2711240,7,
4.1914103,51.2710026,7,
4.1675160,51.2641072,5,
4.1703851,51.2584039,9,
4.1601896,51.2461143,96,
4.2093190,51.3253959,85,
4.2233616,51.2916661,19,
4.1950226,51.2746370,8,
4.1844327,51.2828003,2,
4.1936575,51.2633867,12,
4.1948038,51.2638919,13,
4.1837730,51.2607426,10,
4.6016058,51.4277545,43,
4.6078001,51.1593723,76,
4.1618427,50.9703270,701,
4.5893624,51.4252617,45,
4.5796204,51.4183351,46,
4.5789128,51.4178330,12,
4.5716927,51.4231557,03,
4.5547400,51.4136560,04,
4.5454833,51.4049170,06,
4.5487775,51.4078157,05,
6.1102277,50.7159866,37,
6.0995092,50.7134272,34,
4.5374624,51.3114537,80,
4.5394733,51.3019039,12,
4.5404727,51.3011745,60,
4.5427093,51.3957511,07,
4.5409042,51.4226128,02,
4.5546724,51.4260220,99,
4.4608334,51.3645688,19,
5.4189303,51.1700655,236,
5.3877463,51.1469817,237,
3.8802315,50.7768658,47,
3.7785196,51.2485202,62,
3.7782957,51.2621868,63,
3.7582838,51.2530967,61,
3.8589307,51.1943743,04,
5.4558450,50.7811685,5,
3.1123032,51.3119750,44,
3.7687997,51.2312939,58,
3.7738855,51.2634145,64,
4.4035534,51.0093427,134,
3.7638374,51.2319706,59,
4.5924032,50.9839577,509,
4.5841445,50.9847130,22,
4.5791994,50.9804844,20,
4.5949108,50.9811369,510,
5.1140044,51.1250649,53,
5.1156085,51.1231287,54,
4.4682880,50.9213308,30,
4.5080635,50.9353838,39,
4.6998499,51.1280957,78,
4.5223857,51.4364631,66,
2.7467324,51.1395948,05,
4.6074969,51.1500060,68,
4.6211946,51.1303513,56,
4.4218132,51.0348370,273,
4.4218365,51.0349258,273,
4.4132492,51.0485585,75,
4.4080146,51.0035205,28,
4.4048378,51.0030140,27,
4.4126405,50.9974522,808,
4.4172754,50.9974135,214,
4.3870626,50.9991687,805,
4.3932564,51.0019613,24,
6.0710338,50.7117764,16,
6.0691161,50.7199511,54,
3.5241830,50.7864185,24,
3.5297784,50.7702893,19,
3.6106167,50.7532723,61,
3.6201325,50.8315426,40,
3.6709671,50.7936116,20,
3.6877414,50.7881682,23,
4.0307033,50.8916555,59,
4.0526785,50.8846963,56,
3.6580056,50.7460304,48,
4.6217887,50.8129733,215,
5.0185153,51.1556783,66,
6.1258095,50.6383826,46,
4.6171721,50.9372503,117,
4.4350356,51.0909029,218,
4.8556202,51.3274999,37,
4.6170025,50.9390124,116,
4.6126175,50.9388916,115,
4.6075822,50.9486296,118,
6.1076419,50.6302271,6,
2.8682687,50.9211687,59,
6.0290751,50.7501265,39,rwn
6.0241748,50.7440741,11,
5.8759267,50.7517471,85,
5.8144129,50.7189033,59,
4.4921918,51.1904019,20,
4.4909973,51.1854837,24,
4.5727309,50.9950060,23,
4.7570404,50.9472636,604,
4.5125224,51.3582412,49,
4.1413367,51.2565277,94,
4.1253341,51.2445110,88,
4.7826892,50.9515122,66,
4.0934068,51.2438951,80,
4.4761516,51.3960377,78,
4.4661400,51.4075004,75,
6.1108205,50.6753915,80,
4.5450758,50.8317667,43,
6.0456435,50.6926395,39,
6.0450644,50.6939715,23,
6.0398966,50.7016819,15,
6.0446144,50.6931867,78,
6.0301421,50.6792406,59,
6.0141650,50.6648719,82,
6.0154908,50.6565601,81,
5.4002422,50.9832707,116,
5.4062358,50.9849665,117,
4.1496302,50.9275029,47,
4.2220189,50.9096055,210,
4.4204379,51.3553693,55,
4.0476525,50.9023853,47,
6.2071743,50.4267341,43,
6.2292456,50.4235564,50,
6.2094731,50.4343063,42,
4.1774354,50.9639012,705,
4.1708606,50.9327990,27,
4.2340671,51.0999184,01,
4.2184488,51.0247396,89,
4.2223002,51.0212422,69,
4.2126883,51.0160258,19,
4.4745744,51.0682612,252,
4.1990549,51.0806092,32,
4.2010656,51.0555412,77,
4.1879609,51.1037973,23,
4.2157840,51.1050810,27,
4.1743074,50.8199099,194,
4.6454818,51.2712392,62,
4.2191174,51.0597477,102,
4.2036284,51.0470651,85,
4.1989351,50.9425446,400,
4.1619208,50.9662926,724,
4.1913450,50.9488493,719,
4.2571569,50.9778279,327,
5.3438790,50.8106947,24,
2.8193887,50.8195507,75,
2.8931188,50.8445335,55,
2.8916226,50.8492404,63,
2.8961846,50.8473431,58,
2.8979927,50.8452089,32,
4.1502524,50.9286937,98,
4.7239988,51.1887279,21,
4.7094138,51.1887324,16,
4.6834038,51.1976173,59,
4.6881214,51.2034405,58,
4.6885297,51.2119213,54,
4.6921544,51.2148808,55,
4.7051664,51.2240348,14,
4.7250495,51.2280565,17,
4.7559457,51.2399951,97,
4.7758737,51.2293433,90,
4.7786290,51.1928739,41,
4.7853575,51.2033760,24,
4.1657763,50.9026343,242,
4.1683336,50.9024350,240,
4.1764313,50.9030548,238,
4.1468555,50.9091451,245,
4.1398405,50.9044686,109,
4.2073964,50.9668259,712,
4.1626446,50.9428890,74,
4.1641292,50.9506877,76,
4.1540439,50.9508027,32,
4.1431678,50.9475472,31,
2.5738187,51.0894374,5,
2.5766830,51.0891945,6,
2.5775885,51.0895278,15,
2.5909629,51.0908230,14,
2.5929971,51.0856794,13,
2.5822359,51.0836784,10,
2.5736522,51.0834672,8,
2.5655269,51.0958242,2,
5.1910065,51.2797688,20,
5.2161686,51.2471522,27,
6.1228991,50.6932136,76,
3.2756730,50.7822943,18,
3.2836694,50.7871879,19,
3.2725432,50.7772305,16,
3.2785374,50.7803162,12,
3.2803971,50.7787085,2,
4.6008614,50.9920084,507,
3.2831011,50.7884912,71,
3.2863448,50.7837680,4,
3.2905273,50.7812962,38,
3.2374109,50.7748965,49,
4.4528457,51.3736313,10,
4.4557526,51.4009596,68,
4.4035100,51.4476692,02,
4.4678823,51.4389697,60,
4.5119842,51.4227383,85,
4.5304772,51.4207080,87,
4.5315184,51.4201509,01,
4.5905962,51.4058240,14,
4.5935017,51.4014128,20,
4.5963715,51.3980727,21,
4.6006267,51.3930358,19,
4.6176994,51.3581271,63,
4.6072255,51.3513671,66,
4.6077060,51.3489234,69,
4.5918122,51.3333064,72,
4.6254479,51.3287176,04,
3.9846501,51.0091968,51,
3.9927860,51.0125605,20,
4.4549313,51.3945971,69,
4.4543228,51.3909257,98,
4.4572224,51.3956082,71,
4.4662767,51.4000832,74,
4.4137449,51.4245653,66,
4.4107368,51.4368334,43,
4.1791780,50.9417472,718,
4.4113755,51.4500289,44,
4.7382541,51.1469482,51,
4.7463429,51.1408652,48,
4.4470349,51.4689508,08,
4.4248952,51.4627879,27,
4.4703478,51.4269477,08,
3.7442159,50.7031147,65,
3.7349141,50.7028076,66,
3.7333623,50.7032674,67,
3.2480754,50.7853496,31,
3.7311432,50.7158799,55,
3.7118948,50.7158658,19,
3.7115645,50.7158124,19,
3.6931410,50.7142105,21,
3.6904409,50.7118597,14,
3.6887488,50.7097984,13,
3.6798357,50.7065796,91,
3.6674081,50.7009060,22,
3.6609832,50.7054197,9,
3.6664793,50.7125540,46,
3.6677301,50.7135726,90,
4.7871332,50.9683885,715,
4.4540749,51.4447208,38,
4.5150275,51.4173567,84,
4.5285053,51.4269873,17,
4.5891689,51.3375610,71,
4.7791175,50.9588836,64,
4.8124940,50.9621882,702,
4.8143175,50.9599027,703,
4.7993172,50.9559275,72,
4.7995266,50.9557535,75,
4.8065541,50.9668502,78,
4.7916313,50.9664994,705,
4.8048086,50.9714540,79,
4.7931389,50.9604589,71,
4.4859996,51.0608341,250,
4.8025688,50.9637726,76,
4.7287630,50.9563313,608,
5.1146392,51.1139888,95,
4.1787740,51.0961645,44,
4.1673917,50.7455594,335,
4.1500884,50.7538427,338,
3.9989565,51.0093495,44,
4.3702007,51.0887262,241,
3.7626200,51.2524860,60,
4.3754751,51.0920368,242,
4.9056301,51.1180905,378,
4.0465274,51.0112107,29,
4.0452238,51.0071537,24,
6.1119501,50.7035995,40,
4.3832988,51.0869404,103,
4.1630856,51.0117119,26,
4.1591679,51.0106103,27,
4.1721747,50.9958217,33,
4.2019154,51.0167852,20,
4.2001745,51.0106652,23,
4.2182903,50.9695847,44,
4.1672065,51.0062313,25,
4.1590317,51.0188366,28,
3.7792376,50.8037646,23,
4.8601243,51.1824793,34,
3.3381099,50.8171598,10,
3.3399923,50.8136379,7,
4.1486216,50.9958422,42,
4.3034515,50.9094732,502,
3.7398848,50.8119240,99,
3.7221744,50.8015747,2,
4.2085932,50.9972342,60,
4.2033886,50.9935625,55,
4.2374589,50.9980779,31,
4.2567061,51.0028888,321,
4.7213109,51.2740109,80,
4.7414123,51.2791577,87,
4.7428382,51.2860590,88,
4.7512602,51.3156987,23,
4.7679568,51.3230203,31,
4.7617445,51.3286307,27,
4.7595168,51.3318740,52,
4.7816364,51.3341024,05,
4.7964603,51.3259804,84,
4.8970573,51.2645930,18,
4.8874964,51.2688628,02,
4.8906854,51.2746936,08,
4.8375803,51.2923879,05,
4.8004789,51.2689309,83,
4.7261129,51.2591886,60,
4.7520969,51.3043058,22,
4.7606733,51.3325619,30,
4.7964833,51.3300713,92,
4.8905980,51.2726115,07,
4.8825176,51.2770318,10,
4.8723569,51.2805538,41,
4.8689608,51.3015800,22,
4.8602052,51.2987148,21,
4.0045311,51.0284243,24,
6.0280864,50.6143899,31,
4.6920511,51.1164170,69,
5.0538555,51.1090475,16,
4.6305615,51.0966805,83,
4.2216296,51.0149913,68,
4.0158932,51.0302686,25,
4.0231648,51.0356265,26,
4.0293491,51.0348162,37,
3.9990120,51.0045242,53,
6.0338654,50.6910029,79,
6.0578422,50.6772936,29,
6.0624436,50.6810877,43,
5.0166649,51.0591698,297,
6.0784034,50.6924179,30,
6.0730556,50.6948051,35,
6.0632699,50.7065625,91,
4.1477776,50.9334735,51,
6.2620182,50.4275243,1,
4.5999875,50.9804412,511,
4.9038967,51.1051450,02,
4.9070706,51.1046213,01,
4.2875316,51.0107599,313,
4.4466397,51.0987717,226,
4.2183976,51.0593897,102,
4.2795279,51.0114599,315,
4.2842599,51.0097432,314,
4.2090688,50.8988024,235,
6.0475039,50.7208122,65,
2.7742183,51.1701511,73,
3.2617563,51.3423813,27,
4.4639202,51.3902361,97,
4.0612345,51.0327241,35,
4.0573734,51.0372065,74,
3.0252964,50.8907258,94,
3.0424405,50.9144244,15,
3.0449071,50.9109918,16,
3.0567821,50.9170868,14,
3.0622029,50.9128956,13,
3.0291979,50.9103531,18,
3.0514596,50.9047927,61,
3.0566820,50.9074521,62,
3.0588351,50.9061541,63,
3.0574172,50.8942301,84,
3.0428747,50.8986131,88,
2.7737004,51.1706952,74,
3.8559387,50.7799295,35,
3.8215138,50.7959618,57,
6.1493964,50.2249894,15,
4.6960459,51.1320183,79,
4.6936022,51.1340405,80,
6.1908060,50.3347499,63,
3.8108277,50.7581581,71,
4.0582478,51.0479279,76,
4.0086021,51.0435207,30,
4.0035985,51.0359943,28,
3.4429619,51.1326906,5,
3.7787335,51.2484654,62,
3.7324873,51.2424951,54,
3.7325164,51.2423841,54,
5.4189170,50.9755309,64,
5.4125847,50.9768551,61,
4.3749340,51.1011623,105,
4.3792650,51.1034745,195,
4.0193036,51.0152016,59,
4.0110709,51.0342565,27,
3.7888669,51.2234807,57,
6.1219358,50.6785783,9,
6.1200507,50.6774025,82,
4.3299444,51.1331502,315,
4.3311666,51.1431006,327,
5.3707736,50.9349949,133,
4.4346518,51.0817330,236,
4.4394022,51.0800953,235,
4.4357345,51.0933803,217,
4.4450471,51.0938971,215,
6.0705308,50.6295010,49,
6.0730695,50.6283459,35,
6.0739612,50.6276746,51,
6.0781809,50.6295395,47,
5.4192378,51.2421690,46,
5.4386029,51.2335700,86,
3.8562035,51.2108514,41,
3.8593309,51.2103486,39,
4.4515357,51.0943138,224,
4.7236596,50.9618728,614,
3.9710054,51.1736904,34,
3.9482229,51.1720508,32,
3.8889640,51.1544800,4,
3.8899006,51.1518978,3,
3.8973996,51.1474221,6,
3.8858031,51.1667298,27,
3.8936448,51.1471836,8,
3.8843795,51.1478638,10,
3.8822552,51.1446635,13,
3.8843504,51.1469964,10,
3.9811234,51.0469943,9,
4.2763368,50.9356627,427,
4.3051021,50.9321065,506,
5.0655123,51.0851928,387,
4.0097022,51.0076464,56,
5.1698077,50.9881519,43,
6.0477848,50.7217127,53,
4.6567953,50.8210608,17,
4.7694703,51.1163490,78,
4.6411524,51.2783093,61,
4.6458005,51.2830933,97,
4.6563936,51.2825517,99,
4.6899188,51.3019919,89,
4.6783612,51.2764551,27,
4.6871097,51.2691616,26,
4.2752414,50.9032356,222,
4.2695845,50.9082745,214,
4.2796144,50.9119669,216,
6.0350346,50.6884399,62,
6.0400316,50.6239108,88,
6.0603674,50.6249237,89,
6.0842011,50.6332234,98,
6.0818505,50.6467436,83,
6.0774323,50.6552800,91,
6.1022557,50.6688550,92,
6.1058626,50.6914014,62,
6.1057654,50.6917791,51,
6.1038897,50.6861513,93,
6.0827223,50.6932109,18,
6.0810397,50.7057532,12,
6.0853547,50.7011457,59,
6.0310645,50.6894239,33,
6.0177870,50.6899676,99,
6.0053366,50.6700046,16,
5.1309017,50.9632337,40,
6.0414955,50.6561964,66,
6.0558057,50.6623998,65,
6.0581557,50.6679249,31,
3.6531463,51.2772097,67,
3.6475978,51.2776003,68,
3.6402277,51.2870370,69,
3.6407185,51.2880052,70,
3.6926186,51.2551043,49,
4.1648768,50.9408172,716,
4.9569349,51.2586355,96,
4.4805907,51.3752793,02,
4.4756770,51.3722509,07,
4.3814722,51.0985169,243,
4.3227053,51.1060474,155,
4.3219111,51.1090699,156,
4.3489292,51.1041840,300,
5.8905467,50.7477390,80,
4.3180355,50.9286008,505,
4.3255488,50.9335113,5,
4.3130238,50.9272061,504,
3.9729732,51.0433681,2,
4.3250997,50.9135193,55,
4.0777530,51.0006129,26,
4.0680029,50.9947560,19,
4.3446968,51.1052529,304,
4.3423611,51.1063344,303,
4.3167477,51.1141196,112,
4.3322861,51.1191779,305,
4.0834077,51.0022196,57,
3.9917629,51.0171274,21,
4.5719190,50.9828977,2,
3.9188342,50.9472577,17,
4.4641668,51.3654903,23,
4.4839062,51.4182115,76,
4.4840408,51.4135072,10,
3.3825688,50.9810898,5,
4.4815034,50.9169345,3,
4.4667731,51.4518188,36,
4.4181708,51.4386039,46,
3.9301007,51.2079336,80,
3.8601786,51.2106786,38,
3.8539419,51.1958588,05,
3.8816497,51.1881856,74,
3.8797805,51.1843737,57,
4.3841513,51.0384371,16,
4.3855152,51.0369828,17,
4.4203341,51.0574131,188,
3.2561061,51.1346294,39,
3.3116394,51.1625752,77,
3.2939629,51.1946668,52,
3.2829736,51.1958077,21,
3.3486540,51.1259822,6,
3.3725792,51.1272117,91,
5.2119954,51.1618002,22,
5.2105376,51.1596743,94,
5.2132680,51.1518689,21,
5.2035076,51.0150017,70,
3.8257670,51.1478221,23,
3.9796951,51.0373677,1,
3.3048958,51.3469153,20,
3.3158708,51.3439786,2,
3.3135984,51.3394592,18,
4.5910715,50.9082825,800,
4.9438038,51.0846035,324,
4.9264444,51.0898088,213,
4.9220536,51.0872051,18,
4.0139567,51.0221452,40,
4.2116635,50.8870794,234,
5.1172002,51.1908297,01,
4.2157450,50.8941428,233,
4.1913304,50.8967470,236,
4.1654012,50.8956817,241,
4.1503284,50.8916452,111,
4.1434729,50.8972314,110,
3.7532317,50.8183246,31,Zwalmvallei
3.7524475,50.8202658,30,
4.4524116,51.0800644,176,
4.4482664,51.0800728,173,
4.4458754,51.0800821,266,
4.4274784,51.0898648,219,
4.4302586,51.0945185,278,
6.1649915,50.2391686,72,
6.1668035,50.2407392,75,
4.4013310,51.0840187,192,
4.3943346,51.0776681,98,
4.3942654,51.0819637,161,
4.3996255,51.0878653,159,
4.3989146,51.0878272,293,
3.7641523,50.7972839,19,
3.7575261,50.7864534,13,
3.7552765,50.7876621,17,Bronbossen
3.7526677,50.7881142,84,Getuigenheuvels Vlaamse Ardennen
4.3999938,51.0882903,193,
4.3969728,51.0886805,238,
3.7599539,50.8034536,24,Bronbossen
3.9323627,51.0365504,27,
4.3719297,51.0567013,147,
4.3955920,51.0856049,239,
4.3935034,51.0856295,160,
4.3908493,51.0827907,276,
3.7745096,50.7994572,20,
5.7355363,51.0765003,285,
4.4067234,51.0683823,279,
4.4009842,51.0714729,93,
4.3951092,51.0698276,94,
4.3926802,51.0705565,95,
5.2932408,50.7912614,21,
5.2654910,50.7921212,22,
5.2609003,50.7654947,8,
5.0724625,50.8048528,141,
4.9879871,50.8064615,214,
5.1116471,50.8940716,44,
5.2026655,51.1712797,24,
3.7237628,50.7469214,99,
3.7152814,50.7559222,14,
3.7096066,50.7672961,6,
3.7378849,50.7435022,22,
3.7433125,50.7402629,31,
5.3628846,50.7566715,7,
3.1074547,51.1704337,39,
4.9752665,51.3369610,59,
4.9731650,51.3365631,43,
5.6486861,50.6043430,30,
4.1008516,50.7197652,351,
4.1688534,50.9169466,22,
4.9231299,51.3392808,84,
4.9152827,51.3388790,83,
4.9085802,51.3411778,33,
4.9209356,51.3451512,85,
4.9094776,51.3531373,22,
4.9862058,51.3431311,71,
4.9886488,51.3432895,51,
4.9940511,51.3364636,57,
4.9939570,51.3452447,50,
4.9910154,51.3506518,46,
4.9353302,51.3401425,78,
4.9353654,51.3408614,78,
4.9387128,51.3426264,76,
4.9305782,51.3457374,86,
4.9267996,51.3505618,88,
4.9487447,51.3534208,07,
4.9072797,51.3285049,81,
4.0789000,51.2537000,78,
5.7741406,51.1726602,32,
5.7670509,51.1836849,91,
4.9841073,51.3275819,45,
4.9498878,51.3490463,73,
4.9558093,51.3537266,08,
4.9370000,51.3316054,80,
4.9974557,51.3243229,14,
4.9991915,51.3207111,56,
2.5977410,51.1063021,24,
3.5767954,51.1498515,7,
4.0084556,51.0091499,43,
4.2605486,50.9340028,419,
4.2778811,50.9325951,426,
4.2865909,50.9286842,425,
4.2818882,50.9285052,424,
4.3070424,50.9255309,503,
4.2795187,50.9223952,423,
4.6485866,51.1172275,81,
4.6628179,51.1048703,32,
4.6605712,51.1039953,33,
4.4310784,51.0629414,87,
4.0386235,50.9454943,2,
3.9058486,51.0286130,15,
3.9037219,51.0249609,14,
4.2024032,51.0855903,31,
4.2341470,51.0999350,01,
4.2613608,50.8829400,227,
4.4905714,51.3707340,04,
4.2609806,50.8857608,228,
4.7586374,51.1386190,81,
3.9972082,51.0076272,54,
3.9810484,51.0153532,19,
4.5825671,51.3341425,74,
4.5953040,51.3471574,70,
4.6210799,51.3645206,64,
3.7984899,50.8863153,14,
5.6571184,50.6096343,34,
5.6613022,50.6125007,35,
4.5609041,51.3807543,92,
4.5651854,51.3724864,87,
3.7438907,50.7388045,30,
5.3446430,50.8015017,19,
3.0042422,50.8500255,46,
4.9443738,50.9420709,212,
5.0822806,50.9999724,TP,
3.0591484,50.8424599,97,
3.3034484,50.7913291,7,
3.3082901,50.7943149,8,
3.2952538,50.8046765,88,
3.3129797,50.7913679,9,
3.3183430,50.7973428,13,
3.3398593,50.7949577,14,
3.3311610,50.7924858,11,
3.3353241,50.7807496,33,
3.3382121,50.7774185,55,
3.3335429,50.7735901,54,
3.3425653,50.7694446,81,
3.3464269,50.7716771,82,
3.3498103,50.7693453,83,
3.3438974,50.7649982,80,
3.3502217,50.7609968,79,
3.3449345,50.7582991,78,
3.3311102,50.7504294,59,
3.3340050,50.7475456,60,
3.3511893,50.7533156,77,
3.3534192,50.7508655,76,
3.2935337,50.7736581,40,
3.2929465,50.7744042,39,
3.3270048,50.7484878,45,
3.3388237,50.7416130,61,
3.3402618,50.7413179,62,
3.3549934,50.7297379,69,
3.3476604,50.7306436,64,
3.3450686,50.7268582,65,
3.3191277,50.8092571,95,
3.3067134,50.8105590,97,
3.2504263,50.8054463,14,
4.9596888,50.9518725,327,
4.8414100,50.9202315,139,
4.1264128,50.9429102,37,
4.1296712,50.9453083,36,
2.6596811,51.1243104,58,
5.4961602,51.2789605,192,
5.4978403,51.2725524,181,
5.5125105,51.2790964,186,
5.3466953,51.1581738,228,
3.2385576,50.8451135,82,
5.3815699,51.1810473,408,
4.2335941,50.9012856,232,
3.7086505,50.8124936,8,
3.6811086,50.8147141,50,
2.9812369,50.8128759,17,
4.4428471,51.0134817,37,
4.0259209,51.2304673,51,
4.0261181,51.2307328,51,
4.0103416,51.2279894,45,
4.0155944,51.2335630,49,
3.0499360,50.8062583,33,
3.0449876,50.8111831,26,
3.0381834,50.8087263,39,
3.0384140,50.8084499,38,
3.0410050,50.8062086,34,
3.7848504,50.8088034,25,
4.3986185,51.3051316,90,
4.3765016,51.3230881,86,
3.2738174,50.8246215,51,
4.8704040,50.9599842,707,
5.1510924,50.8863441,417,
5.1013767,50.8336895,3,
5.0457417,50.8776124,823,
3.3470683,51.1053562,79,
3.3516429,51.1179213,83,
3.3154256,51.1962329,16,
3.3129015,51.1925423,55,
3.3255519,51.1879277,56,
4.4177886,51.0325256,63,
5.1887338,50.8195603,11,
2.9872259,50.8081624,50,
4.9965771,51.3788554,75,
3.8908316,51.1913736,77,
3.8551626,51.1874515,66,
4.6616840,51.1978747,49,
4.6625483,51.1957788,50,
3.7431130,50.8693959,66,
3.7517735,50.8655037,77,
4.0778360,50.8739895,51,
4.1540669,50.9384023,73,
5.7574807,51.0653325,45,
5.7604203,51.0657939,44,
4.1472356,50.7322621,348,
4.1511331,50.7285228,349,
4.1592418,50.7360592,328,
4.1531504,50.7379357,329,
4.0973670,51.2352754,82,
3.2851316,51.1947994,47,
3.2746783,51.1980556,22,
3.2544474,51.1879072,26,
6.1371492,50.6320104,15,
3.0700233,51.1657069,58,
3.0792912,51.1661946,55,
3.0901120,51.1663631,46,
3.0991059,51.1663957,45,
3.0984129,51.1681742,44,
3.1198540,51.1461006,11,
3.6536233,50.7934552,41,
3.7489807,50.7799270,85,Getuigenheuvels Vlaamse Ardennen
4.6423845,51.2031081,40,
3.7551422,50.9040410,77,
3.7513675,50.9110774,76,
3.7318458,50.8999276,84,
4.2365098,50.8853086,230,
4.2466306,50.8795923,603,
4.0509956,51.0398313,73,
3.0329711,50.8054522,36,
2.9836445,50.8406035,65,
2.9840181,50.8382896,66,
3.6553421,50.7994186,47,
3.6399625,50.8006298,72,
4.4387952,51.0289851,127,
4.4421705,51.0275464,125,
4.4446612,51.0278826,126,
4.4495855,51.0151080,50,
4.4358169,51.0286234,62,
3.3229993,51.1159655,16,
4.0767439,51.2470867,77,
4.0770523,51.2468302,77,
4.0825943,51.2427021,74,
4.0837424,51.2488911,79,
4.0617464,51.2383417,68,
4.0770843,51.2406532,75,
4.0793437,51.2364222,64,
4.1699128,50.9074473,243,
3.6928562,50.8010920,21,
3.6924003,50.8066162,15,
3.6918975,50.8070107,14,
3.1296909,51.3147838,42,
3.6798594,50.7821800,40,
3.1036918,50.8360535,92,
4.3537998,50.9367766,600,
4.3537046,50.9363190,600,
4.3495588,50.9479996,513,
4.3603951,50.9317402,68,
4.3569424,50.9309125,67,
4.3570036,50.9307480,67,
4.3540939,50.9258005,66,
4.3561320,50.9323624,69,
4.3625323,50.9246327,62,
3.6858730,50.8145001,13,
3.9841715,50.9665434,92,
3.6183011,50.7668329,60,
3.1855635,50.8124248,23,
3.8324240,50.7562822,66,
3.9301108,51.0131429,1,
3.9303921,51.0234971,23,
3.9334018,51.0335064,26,
3.9345795,51.0361851,28,
4.4883690,50.9330326,34,
4.5023722,50.9325435,38,
4.3993107,51.3465639,73,
4.5636651,50.9504255,125,
4.3033522,50.9369211,507,
3.8112593,50.8096186,52,
3.8120424,50.8086676,53,
5.3250086,51.0506552,143,
5.3394365,51.0499801,133,
5.3614124,51.0613896,131,
5.3356078,51.0525039,136,
3.9497010,50.8989588,39,
5.6484500,50.6108172,26,
5.6499259,50.6097355,33,
5.6511257,50.6045839,31,
4.6055840,51.2189606,8,
4.6031186,51.2193968,71,
4.5878894,51.2251897,55,
4.5815210,51.2299329,02,
4.5728272,51.2240934,53,
4.5625034,51.2228389,52,
4.0120690,51.0228355,41,
4.5434969,50.9134179,19,
4.5232147,50.9096708,305,
4.5321431,50.9079269,83,
4.5394598,50.9237354,103,
4.5883211,51.3002300,50,
5.4307724,50.8227581,16,
4.8962173,51.2108389,80,
4.9013060,51.2107722,28,
4.7581583,50.9512337,605,
4.7296507,50.9580862,612,
4.7853935,50.9557763,74,
4.5771488,51.1339884,5,
5.0810266,51.1434547,89,
5.0575525,51.1481376,36,
5.0574120,51.1448027,98,
5.0695614,51.1424597,95,
5.0927936,51.1428603,75,
5.1031190,51.1480146,19,
5.1035731,51.1479223,95,
5.0866302,51.1558255,30,
5.0821469,51.1633624,52,
5.0929071,51.1663628,54,
5.0951675,51.1713276,81,
5.0791100,51.1697976,53,
5.0754875,51.1690769,51,
5.0694835,51.1580138,48,
5.0477883,51.1592542,44,
5.0510680,51.1552199,42,
5.0512373,51.1481676,37,
5.0381924,51.1362056,63,
5.0374847,51.1351511,17,
5.0369417,51.1342703,16,
5.0394627,51.1284907,04,
5.0619071,51.1257604,60,
5.0596953,51.1290887,61,
5.0598051,51.1298604,88,
5.0493944,51.1325150,13,
5.0471982,51.1336687,14,
5.0380574,51.1359849,63,
5.0521162,51.1349498,11,
5.0513821,51.1365413,12,
5.0576112,51.1371746,94,
5.0458608,51.1410980,24,
5.0471017,51.1442065,23,
5.0516774,51.1428124,99,
5.0640453,51.1309661,87,
4.5788264,51.1417230,6,
4.5792948,51.1419186,6,
4.5798370,51.1421747,99,
4.5821752,51.1431548,98,
4.5842720,51.1492370,97,
3.7768841,50.7948547,16,
4.5962034,51.1475658,92,
4.5949884,51.1486973,91,
4.6037184,51.1508326,69,
4.6320644,51.1558209,65,
4.6355273,51.1580902,41,
4.6306570,51.1604260,52,
4.6323424,51.1591158,54,
4.6301187,51.1607612,52,
6.2510464,50.2899628,12,
6.2654637,50.2886095,5,
6.2651735,50.2888662,4,
6.1992157,50.3514312,24,
6.2920432,50.3593669,84,
6.0319538,50.6305707,40,
2.6841728,51.1371080,66,
2.6714020,51.1328747,65,
4.0790911,50.8258541,807,
4.0756168,50.8268994,808,
3.9822606,50.8112957,99,
5.5866086,50.9151940,96,
4.2765845,50.8892601,225,
2.8163533,50.7795564,82,
2.8082330,50.7788543,74,
2.7968861,50.7917237,54,
2.7998851,50.7947637,53,
2.8033696,50.7989887,15,
2.8182428,50.7963628,92,
2.8059951,50.7901459,55,
2.8093745,50.7822494,75,
2.8257518,50.7833356,7,
2.8360649,50.7664099,12,
2.8522188,50.7600201,19,
2.8260595,50.7451972,14,
4.5050340,51.2676892,05,
4.9036154,51.1030737,382,
4.4890203,51.2790179,66,
6.0948474,50.7202247,57,
4.5158865,50.8245413,4,
5.4317750,50.7813149,6,
3.7651602,50.8450240,58,
3.6758368,50.8554000,39,
3.6459059,50.8433633,27,Getuigenheuvels Vlaamse Ardennen
3.5457358,50.7732492,40,
3.6187584,50.8011140,76,
3.9071859,50.7712368,7,
3.9832829,50.7864732,53,
3.9895250,50.7878919,47,
3.9949751,50.7903444,46,
4.5177001,51.3116206,84,
4.9011777,51.1255803,317,
4.5052448,51.3213789,01,
4.5000569,51.3252768,06,
4.4950324,51.3283266,07,
4.4924276,51.3296703,08,
4.4926908,51.3299307,08,
4.4862530,51.3460591,41,
4.4845688,51.3483231,44,
4.4737735,51.3490986,45,
4.4728043,51.3492279,66,
6.0808991,50.7062164,43,
6.0466962,50.7028134,43,
3.2977081,51.1523781,85,
3.3246306,51.1411837,88,
4.0001045,50.9488944,87,
4.4504931,51.3459555,49,
4.4481744,51.3306198,25,
4.5143449,50.8240931,START,
6.1866866,50.3732250,4,
6.1822515,50.3937661,9,
5.1601015,50.8938428,433,
5.1670616,50.8940910,420,
5.6223414,50.6123178,9,
5.6393132,50.6093228,24,
5.6452092,50.6071211,29,
2.8700754,50.7833312,27,
2.8663197,50.7822190,26,
2.8531343,50.7827248,25,
2.8547840,50.7780924,24,
2.8404379,50.8055939,51,
4.0582366,50.9195837,25,
4.4343502,51.0530763,88,
4.1273736,50.9787281,66,
4.1244604,50.9853272,67,
5.6197567,51.0218910,134,
4.5659076,50.9657080,204,
4.5375527,50.9685936,201,
4.1460830,50.9639265,725,
4.1285095,50.9739412,76,
4.0271933,51.0498034,33,
4.0274109,51.0449810,34,
4.1391755,50.9654832,15,
4.1235994,50.9564151,27,
4.1313543,50.9584185,28,
4.1322711,50.9557919,29,
4.1139840,50.9362034,2,
4.1134685,50.9255975,1,
4.1255096,50.9256042,42,
4.1237064,50.9356156,38,
4.1178807,50.9313625,44,
4.4148213,51.0306983,271,
5.6439345,50.6064529,28,
5.6405762,50.6057227,21,
3.0314749,51.2744199,53,
2.7648138,50.7555890,50,
2.7646473,50.7556779,16,
3.7894581,50.7763523,88,
3.7930517,50.7787564,87,
5.4402759,50.9535739,63,
2.7475449,50.9374740,26,
5.4163629,50.9719477,87,
5.4173485,50.9725457,66,
5.4102298,50.9645882,75,
5.4104249,50.9645814,75,
4.6426160,50.9868618,99,
4.2586478,50.9640377,406,
4.2706726,50.9669737,413,
5.3682111,50.9498372,46,
5.3918996,50.9636283,77,
5.3993743,50.9574977,89,
4.1347546,50.7396673,347,
4.1357157,50.7404855,345,
4.2058719,50.7616521,389,
6.2173553,50.6064084,83,
4.5585952,51.1173924,41,
4.5598183,51.1163534,42,
3.0211975,50.8220339,22,
3.0221408,50.8198000,43,
3.0283766,50.8162864,42,
3.0017142,50.8167365,19,
2.9904315,50.8148427,18,
3.5018767,50.8136618,16,
3.4970065,50.8142366,15,
5.6424159,50.6088081,25,
5.6350174,50.6145343,11,
5.6240546,50.6161484,2,
4.1397066,50.9206787,46,
4.1249889,50.9185265,15,
4.1201338,50.9168909,100,
4.1201668,50.9169089,100,
4.1106263,50.9078272,103,
4.1108027,50.9067191,104,
3.0300370,50.8164659,41,
3.0326055,50.8062751,37,
3.0023945,50.8177623,20,
2.8620542,50.9964327,12,
4.9484193,51.0095357,92,
4.9522707,51.0088283,143,
4.8980109,51.0053181,720,
5.6962295,51.0608404,156,
5.6867472,51.1207784,279,
5.6790517,51.1184068,209,
5.6977246,51.1194690,263,
5.6500442,51.1224564,212,
5.6374794,51.1159015,179,
5.6390774,51.1141202,183,
5.6207395,51.1188024,271,
4.0548026,51.2398336,62,
4.0812314,51.2365217,72,
4.0867837,51.2415357,73,
3.0399674,50.8230071,25,
3.0353828,50.8231957,24,
5.0347734,50.8081708,126,
5.0015403,50.8047595,142,
4.9949255,50.8037173,215,
4.9905214,50.8138993,212,
4.9976688,50.8181663,208,
5.0277695,50.8308969,103,
5.0184539,50.8301630,146,
5.0784416,50.8506128,321,
5.0840426,50.8447599,318,
5.0860020,50.8437348,319,
5.0988207,50.8387027,300,
5.0978322,50.8376390,39,
5.0981431,50.8359456,38,
5.0978279,50.8317705,37,
5.0980019,50.8315234,37,
5.1006405,50.8304075,35,
5.0877110,50.8186455,113,
5.0628983,50.8262142,132,
4.8687660,50.9979495,121,
3.0496089,50.8288584,99,
3.0637640,50.8180466,29,
3.0576520,50.8084300,31,
5.0625813,50.8055001,115,
5.0563049,50.8151216,133,
5.0514612,50.8183493,134,
5.0419995,50.8115848,125,
5.0161192,50.8130219,120,
5.0055647,50.8229063,206,
5.0109788,50.8421584,107,
5.0297159,50.8312881,102,
5.0427913,50.8356109,101,
5.0430055,50.8357188,101,
5.0466604,50.8397115,19,
5.0439493,50.8210802,136,
5.0404730,50.8186684,124,
5.0178168,50.8209238,121,
5.0602573,50.8566015,15,
5.0625062,50.8457419,17,
5.0628625,50.8447559,18,
5.0781096,50.8373362,317,
4.9920563,50.8233049,210,
4.9886226,50.8277572,211,
4.9570352,50.8252926,26,
4.9553584,50.8283535,25,
4.9445603,50.8268365,24,
4.9460409,50.8220370,22,
4.9385397,50.8234673,23,
5.1012011,50.8099154,313,
5.0855378,50.8075131,348,
5.0826213,50.8112518,114,
5.0298303,50.8200255,123,
4.9617841,50.8229267,29,
4.2761144,50.9804540,543,
5.0157784,50.8568956,155,
5.0211785,50.8544166,110,
5.0378801,50.8465249,13,
4.8649951,51.0032677,757,
4.8484258,51.0075722,755,
4.9546097,51.0079389,396,
5.0366907,50.8297139,128,
4.8327614,51.0056271,754,
4.9929050,50.8464274,216,
5.0094124,50.8466738,108,
5.0143828,50.8399507,106,
5.0214408,50.8405152,105,
5.0287254,50.8124949,127,
4.8607911,51.0124188,61,
5.0740554,50.8255621,111,
5.0798008,50.8364386,316,
5.0987656,50.8290577,36,
5.0944403,50.8229000,314,
2.7905522,50.7790430,60,
2.8294202,50.7993343,93,
2.8273147,50.8066695,53,
2.8250614,50.8022647,78,
2.8171601,50.7990397,91,
2.7411488,50.7817421,12,
4.8697144,51.0464839,277,
4.8462993,51.0199938,402,
4.8509037,51.0213405,403,
4.8549477,51.0208526,351,
6.1335660,50.1967846,2,
6.1731060,50.2121709,43,
3.9369603,50.9130839,46,
4.9600307,50.8169813,27,
4.3307539,51.3685949,87,
4.9237975,51.0275481,270,
3.8318972,50.7516842,64,
5.1839784,51.0858934,54,
5.1999659,51.0872348,56,
5.2136390,51.0906041,92,
5.2140681,51.0952666,95,
5.2179538,51.0946512,93,
5.2357915,51.0937343,06,
4.9156489,51.0292104,187,
5.0765927,50.8233366,112,
5.0873975,50.8310832,34,
5.0471580,50.8215900,135,
5.6784062,51.0481843,150,
4.9150883,51.0290551,187,
4.8994838,51.0265171,212,
4.9277753,51.0240376,420,
4.9136880,51.0414905,154,
4.8952270,51.0414023,216,
4.4812849,50.9219189,32,
5.0429076,50.8117679,125,
5.0284760,50.8044955,117,
5.0192630,50.8085994,118,
5.0481636,50.8088852,116,
5.0141826,50.8487439,144,
5.0153503,50.8476195,109,
4.3311547,51.3695664,87,
4.3871897,51.3537442,59,
4.3885601,51.3503703,4,
4.4089762,51.3471892,31,
6.0518320,50.2846461,66,
6.0239964,50.2220151,99,
4.8817898,51.0470408,352,
4.9472236,51.0110787,421,
4.9196434,51.0104518,719,
3.7192517,50.7860780,33,
3.7258086,50.7819152,31,
3.7365234,50.7818591,30,
3.7309153,50.7942683,27,
3.7424456,50.7961555,1,
3.4806609,50.8004842,30,
3.4791374,50.8042659,31,
3.4737119,50.8016001,52,
6.1529999,50.2814887,45,
4.5828289,51.2193992,56,
5.7683845,50.7603176,34,
4.6049592,51.2401982,64,
4.9342669,51.0095489,416,
4.9293358,51.0444165,147,
4.9201612,51.0418197,21,
3.0286691,51.2776047,54,
6.1260945,50.2804193,22,
5.5175009,51.1281383,229,
5.5096365,51.1240325,245,
5.5022831,51.1247446,233,
4.9884261,50.9246119,304,
5.0022742,50.9257165,82,
5.0533275,50.8433682,1,
5.1913676,50.9861790,24,
5.0269566,50.8338425,104,
5.4944674,51.2245179,56,
5.4110737,51.2281467,437,
5.4146394,51.2527492,53,
5.4160088,51.2496643,50,
4.2195367,50.9235170,204,
5.1036493,50.8333490,31,
5.0595462,50.8599530,16,
5.0489846,50.8705331,351,
5.0421257,50.8758128,350,
4.6828812,50.9659978,634,
4.8050154,50.9666121,77,
4.8298618,50.9808365,748,
4.8851915,50.9620662,731,
4.8785892,50.9703578,733,
5.1494681,50.9851193,35,
5.1792591,50.9894745,20,
5.1733121,50.9879396,22,
5.1749576,50.9850020,19,
5.1722050,50.9836427,31,
5.1646498,50.9840038,18,
5.1588870,50.9808265,17,
5.0600801,50.8797491,331,
5.0760487,50.8886645,48,
5.0765474,50.8952974,437,
5.0997105,50.8933481,42,
5.0897151,50.8925230,49,
5.1012141,50.8822841,46,
5.0916718,50.8786589,47,
5.0861025,50.8730205,333,
5.0907001,50.8690835,334,
5.0821575,50.8984082,400,
5.1246049,50.8472675,305,
5.1277724,50.8542580,343,
5.1236941,50.8419775,307,
5.1225771,50.8423993,304,
4.4099101,51.0120295,40,
5.4310882,51.1974882,470,
4.8829920,51.0526001,56,
4.9429204,51.0479316,166,
4.9463344,51.0441103,167,
4.9321439,51.0466053,121,De Merode
4.9139820,51.0492954,142,
4.9248192,51.0469713,146,
4.9731159,50.8042440,213,
5.0813300,50.8356467,315,
5.0125306,50.8080445,119,
4.2174621,51.1181630,21,
4.8983995,51.1267479,177,
4.2196173,51.0996543,02,
4.2041726,51.0911482,28,
4.2005097,51.0851493,30,
4.2021999,51.0743411,36,
5.1155434,50.8899778,4,
4.8617924,51.2398912,51,
4.8677242,51.2409787,96,
4.8784724,51.2433777,42,
4.9033029,51.2548998,19,
4.8984806,51.2463120,46,
4.9179182,51.2429369,38,
4.2013480,51.1057586,25,
4.4170676,51.0054854,287,
4.9470634,51.0335393,171,
4.8988896,51.0513918,83,
4.9152383,51.0763673,111,
3.8563535,50.7582988,60,
3.8564711,50.7580534,60,
3.7847916,50.8211225,32,
3.7469232,50.8226709,42,Getuigenheuvels Vlaamse Ardennen
4.7204105,51.1294524,95,
4.7243290,51.1270770,93,
4.7534270,51.1358274,84,
5.0051207,51.2464573,60,
3.9467242,51.0201294,90,
5.0602171,50.8624333,327,
5.0682161,50.8636306,326,
5.0709494,50.8618775,324,
5.0669249,50.8591919,323,
5.0411317,50.8480940,14,
5.0178865,50.8533358,143,
5.0404781,50.8267019,137,
5.0565886,50.8237772,131,
6.0264362,50.7169375,52,
4.8905628,51.0545495,289,
2.9725629,50.8215065,15,
2.9734025,50.8265852,14,
2.9753261,50.8298396,11,
2.9764522,50.8329306,9,
2.9664186,50.8333104,83,
2.9608261,50.8360035,40,
2.9549272,50.8362040,85,
2.9571905,50.8315885,39,
2.9763756,50.8605741,53,
2.9721387,50.8657546,39,
5.2843382,50.8114087,23,
3.8274844,50.7549192,67,
4.9911021,51.0094388,61,
4.9892762,51.0060068,246,
4.8773935,51.0252508,399,
4.5828874,50.9037750,801,
4.9852338,51.0010736,135,
4.9377849,50.9852751,339,
5.4039474,51.2626976,52,
5.4028418,51.2653839,69,
5.1020052,50.8344149,30,
6.1803595,50.5676805,44,
6.1791019,50.5670365,26,
6.1656558,50.5694723,97,
6.1691680,50.5642195,73,
3.8510439,50.7673869,58,
4.7538651,51.1371191,82,
6.2054128,50.5207561,1,
6.1854538,50.5061232,14,
6.1942013,50.5171343,2,
5.1093381,50.8069698,349,
6.2046161,50.5204562,4,
6.1695492,50.5123321,15,
6.1628573,50.5105874,45,
4.7192288,51.2625924,59,
4.7505429,51.2996391,21,
4.7773960,51.2952704,16,
4.8268415,51.3540619,72,
4.8288339,51.3798982,76,
4.8574631,51.3748788,50,
4.8701695,51.3295665,65,
4.8420365,51.2807142,93,
4.8451334,51.2788054,79,
4.8564649,51.2384405,99,
4.8324191,51.2129502,65,
4.8244366,51.2106224,60,
4.4408500,51.3280536,26,
4.4499121,51.3277218,22,
4.5571774,50.9325570,106,
3.7688696,50.7686225,99,
3.7903156,50.7562724,79,Vlaamse Ardennen
3.7795583,50.7578788,92,
4.4856275,51.3302919,09,
3.8019257,50.7669653,84,
3.7956987,50.7637996,82,
3.7957763,50.7635736,82,
6.0632096,50.6223929,81,
4.4760860,51.3079107,14,
4.4733419,51.3065559,15,
4.4763731,51.3035988,16,
4.4700078,51.3030142,18,
4.4695010,51.3027982,19,
4.4770560,51.3047903,61,
3.8665597,50.7619202,57,
3.8670002,50.7619332,57,
5.0587594,50.8039584,151,
4.9407605,50.8275290,282,
4.4377706,51.3849513,27,
4.4318021,51.3844427,15,
4.5518177,50.8167834,46,
4.5331253,50.8091437,49,
4.5831301,50.7832678,261,
5.4631594,51.2607471,136,
5.4618943,51.2658902,138,
4.5510769,50.8106649,406,
5.6939967,50.9097030,108,
6.0367908,50.7423800,84,
6.0203322,50.7290833,81,
4.4484091,51.4626760,93,
4.4461835,51.4411677,55,
4.4455609,51.4394123,20,
4.4422599,51.4334978,54,
4.5606506,50.8234285,409,
4.4396551,51.4331755,53,
4.4384906,51.4271742,63,
4.4425432,51.4139692,70,
4.4315066,51.4094637,64,
3.8796966,50.7716374,53,
3.8954039,50.9029478,80,
3.9104404,50.8914149,83,
4.4487620,51.0358409,194,
4.1018117,51.0336791,14,
4.5385140,50.9283133,104,
3.9933794,50.8866976,87,
5.1622413,50.8867603,430,
4.4175099,51.0056546,29,
4.5253319,50.9298106,15,
5.1249300,50.8826869,427,
4.6030924,50.9186653,805,
5.1016423,50.9137018,435,
5.0922045,50.8681660,335,
5.8490923,50.7530008,71,
4.5347406,50.7957978,326,
4.5495456,50.7754199,35,
4.5507157,50.7577242,302,
4.6083897,50.8062276,216,
4.6087424,50.8008390,223,
4.6105877,50.8054172,219,
4.7455522,50.8063342,75,
3.9226896,50.9073048,94,
4.6433975,51.2806161,59,
5.1210935,50.8473656,303,
4.7051213,51.3092622,95,
5.1142918,50.8520259,339,
5.1193165,50.8559342,341,
5.1259715,50.8717919,428,
5.1419069,50.8891228,416,
5.1188726,50.8871272,45,
5.1115302,50.8903714,40,
5.0967533,50.8895641,41,
4.6916530,51.3019282,78,
4.7086586,51.3109957,96,
4.7578595,51.3284748,25,
4.7596291,51.3196200,24,
5.1059315,50.8988385,403,
5.1040106,50.8984358,402,
3.6553196,50.8299986,57,
5.5742460,50.9886911,307,
5.7666834,51.0175707,70,
5.7506562,51.0276284,67,
5.7524596,50.9895892,87,
3.9277645,51.2152407,87,
5.6079129,50.9207425,101,
5.5448252,50.9241702,110,
4.7125939,51.2703394,49,
4.7041084,51.2621716,45,
4.6899419,51.2687384,28,
4.6569154,51.3066715,41,
4.6673412,51.3100334,79,
4.6609187,51.3193169,04,
4.6642198,51.3139318,03,
4.6533870,51.3215208,49,
4.6358170,51.3287426,47,
5.3262582,50.9762516,85,
5.4531019,51.2602641,126,
5.4550649,51.2616263,135,
5.4627047,51.2603197,136,
5.1278267,50.8544786,342,
5.1452850,50.8705206,424,
3.6385751,50.8046964,71,
4.4633042,51.0194997,258,
5.3691158,51.1352767,232,
3.9297387,50.7989243,96,
5.0613160,50.8694766,329,
5.0730882,50.8627668,325,
5.3634195,51.1226624,272,
5.8199743,50.7369352,60,
4.0328613,50.6950865,420,
3.9811508,50.6914433,47,
3.9995664,50.6954171,417,
3.9857564,50.7010319,46,
4.6076174,50.8183577,218,
5.3614225,51.1358389,253,
5.3733232,51.1927000,458,
5.3751305,51.1824377,441,
5.6751316,51.0059061,17,
5.6742276,51.0055808,16,
5.6675395,51.0021989,12,
5.6661145,51.0005361,11,
5.6793425,50.9963079,9,
6.2470755,50.4233309,6,
5.3774318,51.1147289,274,
5.3875719,51.1183199,291,
5.0389786,50.8662125,352,
5.0332814,50.8436122,12,
5.0347342,50.8411743,11,
5.0364824,50.8379556,139,
3.8406380,50.7998056,20,
3.8342294,50.8901278,7,
5.3601224,51.1462145,229,
5.3651260,51.1192721,273,
4.2220156,51.0935937,03,
4.2157875,51.0927179,29,
4.2108410,51.0840861,34,
4.6169079,51.2220683,70,
3.9663191,50.8026485,41,
6.1253134,50.6926135,77,
6.1377313,50.6909615,98,
4.6252487,51.2281280,73,
5.7091740,50.7560409,03,
4.6352212,51.2339369,83,
4.6430544,51.2354287,11,
5.7491830,50.7580926,17,
4.6493403,51.2392029,14,
4.6534579,51.2393948,18,
5.3547494,51.1396417,251,
5.3494757,51.1298726,265,
4.6703120,51.2428026,19,
4.6759885,51.2444424,20,
4.6797197,51.2381426,80,
4.6940182,51.2295069,09,
3.9299159,51.1448545,46,
4.6936765,51.2285265,10,
4.6935704,51.2284877,10,
4.7236096,51.2087999,70,
4.7286789,51.2012399,27,
4.7260982,51.1987260,25,
3.8132477,51.1444565,24,
3.6494759,51.1861784,37,
5.7608663,50.7555434,25,
6.1332073,50.6317249,55,
6.1314016,50.6331622,95,
6.2097963,50.6294496,2,
6.1813738,50.5777497,63,
4.1830913,51.0474618,150,
3.5831748,51.2694123,54,
3.6278915,51.2633866,27,
3.5259750,51.1896818,58,
3.4938963,51.2234141,5,
3.9531440,51.2070159,83,
3.5823859,51.2600711,83,
3.9110859,50.7817746,5,
3.9146159,50.7689643,13,
3.5395627,51.2185403,17,
3.5559371,51.2391240,20,
3.5616048,51.2447409,21,
3.5516859,51.2788380,89,
3.5410837,51.2426945,13,
3.5652239,51.2477220,22,
3.5695496,51.2488158,24,
3.5622805,51.2551444,85,
3.5572661,51.2627390,86,
3.5733040,51.2578319,84,
3.5679732,51.2818137,90,
3.6270709,51.2750838,71,
3.6605297,51.2892242,65,
3.6106281,51.2858627,75,
5.0003039,51.2090352,51,
5.1060512,51.2458226,46,
5.0959932,51.1125414,11,
5.0968396,51.1127491,10,
5.0787194,51.1091522,12,
4.6131707,51.2357146,75,
4.6112172,51.2400889,65,
4.6076324,51.2423418,01,
4.6278476,51.2384789,80,
6.0318202,50.7444445,87,
4.8092516,50.9133151,119,
4.8089407,50.9103705,118,
5.1890279,51.2819704,19,
5.1569299,51.2737743,83,
5.1399670,51.2631826,91,
4.5563233,50.7487935,303,
4.1974948,50.8054262,123,
4.1661704,50.8120658,10,
3.5926044,51.2667734,55,
3.5997162,51.2630164,73,
3.5848452,51.2829596,81,
3.9048885,51.0083036,6,
3.5896924,51.3033635,77,
3.5857189,51.2958203,79,
3.5841651,51.2868177,80,
3.6042030,51.2856491,76,
3.5687082,51.2810887,82,
3.5712419,51.2898289,91,
3.5596254,51.2905584,92,
3.5182647,51.2842059,94,
3.5181550,51.2802156,95,
3.5366699,51.2674881,96,
3.5394229,51.2718794,88,
3.5408918,51.2695665,87,
5.3974998,51.1091521,347,
4.0092095,51.0082611,56,
4.0206474,51.0138078,58,
4.2747875,50.8862279,226,
5.3873246,51.1029538,276,
5.3891763,51.1086577,277,
5.4047054,51.1077559,331,
4.2989767,51.0809061,32,
6.0636095,50.6054390,42,
6.0639233,50.6027888,3,
6.0743754,50.5995667,24,
6.0892598,50.6157767,58,
6.0757353,50.6160287,41,
4.3092257,50.9585553,523,
4.2924338,50.9720315,521,
3.6352402,50.7896332,84,
3.6432368,50.7834333,45,
3.6419541,50.7600076,59,
3.6495685,50.7589974,91,
4.2792287,50.9629858,545,
4.2639682,50.9625990,412,
4.2610742,50.9495676,410,
3.7198375,51.2412146,47,
3.7256232,51.2445529,55,
4.1002350,50.9810958,79,
4.1104369,50.9800221,78,
4.1218556,50.9585918,17,
3.8645723,51.2131602,50,
5.4119600,51.1654438,238,
5.4054643,51.1823903,493,
5.4074132,51.1007075,340,
3.3837295,50.7303885,26,
4.9794758,51.0202791,58,
4.9788739,50.9998228,375,
4.8920310,50.9737707,721,
4.8385485,50.9802920,744,
3.9217453,51.2155363,89,
4.1537434,51.2465025,95,
4.1436634,51.2435561,91,
4.1168572,51.2523120,84,
3.5343867,50.6887004,80,
4.8643467,50.9363627,230,
4.8620461,50.9348511,229,
3.5608831,50.6822075,85,
4.1236221,51.2553576,86,
5.8860477,50.7507564,84,
6.0496869,50.7174311,46,
5.0293323,50.9958765,252,
5.0342920,51.0072223,63,
5.0442846,51.0251585,200,
5.0418779,51.0499675,306,
5.0348945,51.0539316,113,
5.0529398,51.0619736,231,
5.0624723,51.0763843,229,
5.0580162,51.0792247,363,
5.1111318,51.1266260,64,
5.1308652,51.1327143,86,
5.1343816,51.1316243,5,
4.9563579,51.0748618,163,
4.9608405,51.0633787,151,
4.8833943,50.9738383,723,
4.8279600,51.0261526,404,
4.8984103,50.9556120,219,
4.9370225,50.9556867,216,
5.1680951,50.8864716,422,
4.9907509,51.0126866,411,
4.9618213,51.0236091,145,
4.9765188,51.0291431,93,
4.9132420,50.9738136,741,
4.9103642,50.9777103,740,
4.9655821,50.9203752,312,
4.9620375,50.9172248,313,
4.9521376,51.0530194,39,
4.9556687,51.0552511,125,
4.8699415,50.9677550,732,
4.8674094,50.9723333,734,
4.8678449,50.9722225,734,
4.2443199,51.0699716,108,
4.2445321,51.0699364,108,
4.2267363,51.0628269,103,
4.9863372,50.9935604,383,
2.8592747,51.2074254,68,
6.0472182,50.6926680,85,
5.0551741,50.9910558,424,
5.0611484,50.9892569,97,
5.0641834,50.9867098,9,
5.0208686,50.9667105,915,
4.9848052,50.9820511,406,
4.9791066,50.9906449,140,
4.9914181,51.0027901,134,
4.9931716,51.0028208,208,
4.9655027,51.0188774,57,
4.9840866,51.0307788,90,
4.0385532,50.7299402,406,
4.9310421,51.0491506,120,De Merode
4.9304768,51.0522812,36,De Merode
4.9289905,51.0552973,34,
4.9281386,51.0580989,32,
4.9232782,51.0626753,31,
4.9185710,51.0668900,29,
4.9170463,51.0702796,106,
4.9286977,51.0707406,27,
4.9210409,51.0848593,13,
4.9278258,51.0795009,132,
4.9137574,51.0810157,12,
4.9136083,51.0812783,14,
4.8946225,51.0786855,183,
4.9145534,51.0309356,267,
4.9004337,51.0350720,266,
4.9220509,51.0357583,20,
4.8932260,51.0807642,10,
4.8965618,51.0863181,08,
4.8939403,51.0819251,09,
4.8990092,51.0903937,07,
4.9013754,51.0943158,03,
5.4013955,50.9674120,76,
5.4016965,50.9407476,41,
5.1458439,51.1086262,44,
5.0202487,51.0782209,218,
4.5616883,50.8345234,414,
6.0082356,50.6804804,2,
5.9960437,50.6845020,16,
6.0027839,50.6778408,12,
5.9973959,50.6881959,2,
6.0009350,50.6923524,65,
5.9766915,50.6862868,21,
2.7720959,50.7816600,10,
3.3230216,50.7868505,10,
3.3301418,50.7795157,34,
3.3166795,50.7764596,36,
3.3220501,50.7778719,35,
3.3471214,50.7787441,89,
3.4950731,50.7707678,5,
3.5101320,50.7735088,22,
3.5542014,50.7815040,98,
3.5538862,50.7794893,38,
3.5638774,50.7761080,18,
3.5765269,50.7725306,94,
3.7487160,50.7584536,25,
5.3628856,51.1093002,298,
3.9242803,50.7164756,511,
3.7075042,50.6741307,76,
3.6820894,50.7352661,12,
3.6956127,50.7390245,84,
3.9280279,50.7421041,22,Bronbossen
4.9147906,51.0164888,262,
4.9275378,51.0307449,33,
4.8828951,50.9718369,758,
4.7831249,51.0508579,4,
4.6619521,50.9898406,900,
5.4788945,50.9650563,51,
4.6116003,51.2312062,69,
4.6320803,51.2384049,77,
4.6363459,51.2391773,84,
4.6393061,51.2422006,15,
4.6467519,51.2458596,07,
6.3055384,50.4081320,59,
4.6705920,51.2780020,54,
4.6697898,51.2780820,56,
4.6613173,51.2878907,30,
4.6547046,51.2831840,01,
4.6526157,51.2841369,98,
4.6413129,51.2992021,65,
4.6102676,51.3133685,57,
4.6190259,51.3220448,59,
3.7492187,50.9127045,75,
3.7668372,50.8718851,85,
3.7682260,50.8712849,84,
4.0313497,50.9641832,5,
4.0289636,51.2391619,58,
4.5215411,51.3389291,59,
4.5279984,51.3455312,58,
4.5160024,51.3528716,92,
4.5177800,51.3550634,56,
4.8647338,50.9815451,735,
4.8601060,50.9872437,746,
4.0157777,51.2337598,49,
4.0195665,51.2369112,52,
4.8418563,50.9117092,137,
4.5677570,50.7535741,305,
4.5379520,51.3539964,93,
5.4643733,51.2242857,35,
4.5171864,51.3521455,93,
3.9582607,50.7059048,59,
3.5952825,50.7058031,28,
3.9621706,50.7026978,55,
3.9587650,50.7049869,54,
3.9455796,50.7014373,52,
3.9423113,50.7078787,501,
4.9228398,51.2293386,27,
3.9855068,50.7744844,59,
4.0385123,50.7669055,635,
4.0423597,50.7565854,639,
4.0433662,50.7565512,639,
4.0672520,50.7642060,248,
4.0680605,50.7682197,242,
4.0850703,50.7675700,247,
4.0982918,50.7679005,251,
3.6557970,50.6770844,39,
3.6847266,50.7279959,19,
4.8914216,50.9988323,409,
4.9229477,51.0063334,155,
4.9536048,51.0008697,283,
4.9715825,51.0017772,141,
4.4479242,51.3873561,99,
4.4471757,51.3982666,67,
4.4457356,51.4022037,03,
4.5613359,51.3614915,90,
4.0272743,51.0066547,23,
4.0271223,51.0068169,23,
6.0617548,50.6936828,90,
5.0812037,51.3198698,46,
5.0784057,51.3188039,45,
4.9848246,51.0020808,341,
4.5161367,51.3394443,60,
4.6381869,51.3719031,59,
4.6318589,51.3848591,40,
4.5989118,51.3907468,35,
4.6043805,51.4056655,15,
3.9659415,50.6933853,48,
3.9805168,50.7154617,43,
4.5781593,51.4045653,11,
4.5606386,51.3891320,23,
3.6521173,50.7870980,43,
4.5426011,51.3909827,27,
4.5424771,51.3898794,28,
6.0552315,50.6068317,56,
6.0562133,50.5992494,90,
4.5109348,51.3964560,90,
4.5133249,51.3912976,91,
5.0991727,51.2111587,50,
5.0465487,51.1866062,91,
4.5534877,50.8170809,45,
4.5556428,50.8107080,403,
4.5481792,50.8156058,47,
4.5589149,50.8087332,402,
4.5650312,50.8034845,323,
4.1040087,50.7283014,357,
4.1047985,50.7276548,358,
4.1087503,50.7258301,359,
4.1081676,50.7253289,360,
4.5793561,50.8203214,407,
4.5490716,50.7983635,322,
4.5553784,50.7952747,321,
4.5795415,50.7907720,20,
4.5769450,50.7956599,21,
4.5895072,50.8019747,24,
4.5837153,50.7987457,23,
5.5156801,50.8519093,2,
6.1192464,50.5758303,24,
5.4679095,50.9587821,55,
4.0807154,50.8149277,814,
5.5527783,51.0212558,292,
4.8644375,51.0104728,153,
4.8704163,50.9975905,408,
5.5889025,51.0173297,279,
5.5964052,51.0240441,131,
5.5989443,51.0314657,326,
5.5978720,51.0397116,329,
3.8931736,51.2185656,61,
4.8597246,50.9353263,246,
4.8528615,50.9403523,227,
4.8816080,50.9491906,222,
4.8660995,50.9485592,157,
4.8823950,50.9374894,22,
4.8779381,50.9418207,223,
4.8737476,50.9403656,224,
4.5809343,50.8277177,503,
4.0995564,51.0058356,49,
4.2280482,51.0214862,70,
4.5537049,51.3618696,91,
3.5616123,50.6830601,66,
4.5537859,50.8332055,411,
4.5611765,50.8343398,415,
5.3837385,51.0429670,125,
5.4166383,51.0362312,20,
5.4250412,51.0300297,1,
5.3970855,51.0709524,53,
4.5533151,50.8267746,410,
4.5948852,50.8401107,507,
4.6056115,50.8101149,217,
4.5932622,50.8120212,204,
4.5623763,50.7862207,200,
4.0811917,50.7786083,237,
4.0508043,50.7848834,637,
4.0499812,50.7855257,9,Bronbossen
3.9722190,50.7999398,42,
3.9492066,50.7615551,69,
6.0230459,50.7289901,48,
4.1446698,50.8177427,153,
6.0622305,50.6445273,26,
6.0690243,50.6412450,69,
6.0686768,50.6402151,51,
4.5222049,51.2728912,82,
5.3777391,50.9624879,56,
3.9589925,50.6897875,50,
6.0780412,50.6362661,2,
5.4167266,51.0586515,50,
5.6067828,50.8985042,81,
5.5346370,51.0565691,221,
6.2523905,50.3946900,65,
6.2907064,50.3969046,53,
4.9833639,51.0531245,127,
5.6566569,50.9515703,52,
4.8944862,51.0098497,259,
4.8979255,51.0137606,210,
5.3988812,50.9359771,89,
4.5320388,50.8025871,401,
4.5469681,50.7984209,324,
4.5537412,50.7909912,320,
4.5568846,50.7846947,315,
4.5573899,50.7838129,314,
4.5583447,50.7808956,33,
4.7688107,50.9077323,111,
4.7923315,50.9053984,52,
4.7685623,50.8999536,54,
4.7663672,50.8978423,51,
4.7620906,50.8999565,53,
4.5484163,50.8251772,44,
3.2577336,51.1609227,72,
5.6561364,50.6183513,19,
4.0743467,50.7945875,230,
4.1331579,50.8211177,16,
4.1213410,50.8268890,177,
4.1453817,50.8224186,15,
4.5365938,50.7850870,318,
3.8569752,50.8069187,59,
3.7419830,50.6743023,87,
3.7118666,50.6616805,84,
4.2992880,50.9465508,518,
4.5406018,50.7967395,325,
4.5723161,50.8008501,202,
6.1402927,50.6780417,66,
6.1309021,50.6528379,7,
6.1345062,50.6558073,18,
4.8881515,51.0013060,255,
3.7507517,50.7986994,98,Getuigenheuvels Vlaamse Ardennen
5.6674076,50.9146766,67,
4.6504547,50.9267728,531,
4.5369301,50.7852958,319,
4.5597081,50.7522059,304,
4.8412471,51.1820340,31,
4.8465243,51.2036849,14,
4.8431982,51.2018655,13,
4.8405819,51.1989486,19,
4.5505709,50.7843884,316,
4.5464318,50.7812426,317,
4.5652628,50.7936862,201,
4.8410475,51.1956195,90,
4.8391084,51.1902994,08,
4.5834621,50.7870135,29,
4.8427145,51.1927213,09,
4.7630599,51.1300464,14,
4.7630463,51.1313109,83,
5.5109809,51.1161560,241,
5.5028857,51.1138930,242,
4.8303344,51.1844078,30,
4.8592592,51.2105740,70,
4.8643203,51.2146651,72,
4.8522337,51.2131155,69,
5.5341021,50.8304866,3,
5.0459622,51.0448303,238,
5.4207630,50.9652864,74,
6.0456242,50.6316785,92,
6.0422030,50.6438842,94,
4.4499331,51.0939645,216,
4.8403678,51.2077792,67,
5.1498476,50.9809091,13,
5.1178525,51.0149455,918,
4.9779336,50.9393329,03,
4.9843534,50.9301312,36,
4.0136889,51.0413005,35,
4.8869141,50.9621699,729,
3.6834503,51.2655449,42,
3.9393506,50.7686823,618,Pajottenland
3.9287261,50.7781409,27,
3.9480464,50.7821456,34,
3.9419587,50.7811328,32,
3.9397629,50.7843173,33,
3.9628029,50.7919720,38,
4.5476593,50.7754546,31,
4.6786635,51.3442526,84,
4.7126678,51.3164891,32,
4.7308428,51.3002175,93,
4.7269307,51.2974935,92,
4.7192473,51.2624118,58,
4.7064230,51.2614033,46,
4.7018168,51.2569300,44,
4.6949509,51.2534354,52,
4.6935117,51.2492548,51,
4.6887031,51.2502686,24,
4.8848787,50.9782109,724,
4.8801037,50.9962818,414,
4.8708137,50.9925900,410,
5.1755713,51.1681724,28,
3.3086419,50.8026930,83,
3.3133683,50.8061393,90,
5.0870512,51.3205039,68,
3.5528678,50.7412898,58,
3.6938334,50.7155333,2,
3.6977529,50.7091014,70,
3.7501261,50.6639625,3,
5.6370613,50.6061704,20,
4.1753806,50.7995574,118,
4.5412114,50.9500695,129,
6.0459602,50.6134182,62,
4.6086700,51.1129067,26,
4.6301482,51.1108969,27,
5.0538387,51.2593733,98,
4.8068714,50.9094316,117,
4.8154795,50.9337317,131,
4.5940583,51.2596140,93,
4.7227938,51.1415543,40,
4.7307715,51.1411798,41,
4.7311547,51.1431052,46,
3.9489978,50.7672843,616,
4.0387080,50.7311083,405,
4.0595273,50.7260410,434,
4.0539034,50.7201993,428,
4.0510497,50.7209372,427,
4.0740833,50.7143822,430,
3.9743721,50.7636028,613,
3.9611482,50.7853698,35,
4.1068464,50.7733695,256,
3.8645233,51.1948208,73,
3.8678635,51.1981314,75,
3.8775882,51.2002596,76,
3.6337530,50.7085133,36,
3.9441304,51.1997803,11,
3.9175132,51.1952902,6,
3.9107730,51.1883633,52,
4.9052668,51.0012437,415,
3.8776809,51.2080645,52,
3.3273762,51.3487874,5,
4.8468877,51.1830794,32,
4.8485458,51.1923430,11,
4.8555342,51.1986263,15,
4.8658005,51.2066580,16,
4.8724113,51.2096788,20,
2.6824259,51.1204409,62,
3.4191654,51.0761018,3,
4.5804779,50.7969690,22,
4.5831938,50.7887351,2,
4.6368479,51.1114840,80,
4.6030605,50.8010333,25,
4.5949418,50.8227724,206,
4.8644039,51.2138197,71,
4.8924783,51.2188460,21,
4.5813264,50.7735010,312,
4.5881323,50.7763736,259,
4.6295603,51.1371417,51,
4.6305906,51.1311551,57,
4.8406192,51.2078791,67,
4.8363382,51.2110771,66,
4.8302184,51.2208888,5,
4.8282038,51.2183699,79,
4.8258502,51.2162527,63,
4.8246416,51.2160031,62,
4.8213930,51.2163043,61,
4.8122854,51.2210349,27,
4.8056766,51.2374697,21,
4.7946242,51.2332147,61,
4.7938598,51.2346227,60,
4.7948248,51.2466405,51,
4.7946110,51.2478114,50,
4.7912154,51.2515555,69,
4.7702225,51.2624270,76,
4.7393726,51.2466331,72,
4.7293636,51.2440501,67,
4.6012943,51.1318867,15,
4.8755156,50.9582916,706,
4.0058843,51.1803527,34,
4.9680136,51.0432306,251,
4.9699198,51.0388181,273,
5.0154864,51.0997694,49,
6.0511086,50.6203540,20,
4.6497607,51.2206187,92,
3.6508872,50.7052286,3,
3.6230566,50.7007097,35,
4.4731168,51.4149393,55,
4.4669371,51.3915364,95,
4.4672720,51.3713362,08,
3.7013052,51.2571612,50,
4.6667536,51.1155610,71,
4.9377816,50.9873144,338,
4.9193256,50.9512246,218,
4.6484299,51.1354557,95,
4.6913154,51.1055057,20,
4.6744799,51.0961079,21,
6.1836275,50.5325282,5,
6.1905028,50.5359097,3,
3.5724076,50.6872247,30,
3.5804832,50.6813041,51,
3.5762274,50.6759127,4,
3.5729920,50.6729550,84,
4.8218222,51.1865190,21,
4.8315168,51.1864120,07,
3.2930592,50.7728572,41,
3.3229316,50.7714382,53,
3.3242370,50.7709273,56,
5.8121411,50.7335925,57,
5.7969563,50.7611076,42,
5.7959676,50.7579055,43,
5.7655381,50.7553978,28,
4.9091818,51.2116220,30,
4.8856009,51.1916036,52,
4.8780983,51.1942345,60,
4.8729803,51.1931453,53,
4.8749791,51.1888862,51,
4.8578402,51.1884235,57,
3.5122997,51.1363737,96,
3.5236748,51.1372115,94,
3.5139869,51.1482643,90,
3.5393290,51.1486445,92,
4.6487751,51.1107352,82,
3.4709584,50.9608431,88,
3.3826102,50.9347423,70,
6.0574204,50.6406368,11,
6.0648954,50.6398116,19,
4.6013856,51.1255678,20,
4.6106451,51.1279972,17,
4.5957808,51.1307845,14,
4.5980904,51.1259104,45,
4.5963881,51.1189372,23,
3.9820401,51.1823115,17,
3.7821000,50.7716170,90,
4.8524603,51.1903114,59,
4.8598783,51.1921110,58,
4.9157953,51.2057594,32,
6.1022843,50.6336766,80,
4.7620491,51.2875176,18,
4.7779553,51.2912215,14,
4.7874575,51.2912812,13,
4.7869553,51.2939864,57,
4.8018290,51.3080689,65,
4.8221127,51.3132000,62,
4.8702240,51.3292383,65,
4.7234138,51.1057270,47,
4.7230567,51.1065270,46,
4.8508776,51.2946589,04,
4.8327258,51.2823596,94,
4.8266642,51.2782599,92,
4.8193624,51.2798022,29,
4.8040161,51.0657800,87,
4.7900005,51.0657037,86,
4.5467766,51.3800577,32,
4.5333797,51.3743692,45,
4.5574792,51.3853584,33,
4.7284482,51.1019635,52,
4.7276252,51.1007770,51,
4.7573021,51.1026513,23,
4.7559242,51.1023097,24,
4.7810695,51.1075601,73,
4.7755765,51.1113334,77,
4.7846495,51.1073524,72,
6.0694791,50.6586234,86,
6.0554182,50.6482689,93,
3.6756516,51.2444227,43,
4.7277987,51.1382865,06,
4.7301334,51.1381933,07,
4.7041301,51.1278792,05,
4.7007655,51.1309092,03,
4.7068122,51.1303693,01,
4.6221093,51.4032822,17,
4.6336994,51.4129570,41,
4.6331636,51.3894612,39,
4.6001890,51.3777146,80,
4.6149663,51.3812028,41,
6.0333038,50.6571918,97,
4.7642925,51.1089242,76,
4.7646290,51.1065424,75,
4.7725503,51.1071024,74,
4.7890761,51.1029916,39,
4.7920076,51.1136348,71,
4.6642830,51.1374677,91,
4.6648588,51.1351996,88,
3.8597280,50.9308665,28,
6.0909486,50.6320099,44,
6.0980352,50.6364001,49,
6.0891399,50.6420890,58,
6.0910373,50.6491690,78,
6.1069129,50.6469457,29,
4.6957585,50.8178336,121,
4.6956958,50.8182541,120,
4.7163649,51.2549232,43,
3.6770854,50.7912292,99,
4.9009515,50.9774519,727,
4.8990951,50.9808636,726,
5.3934910,51.1092730,348,
5.3969735,51.1073131,334,
5.4006507,51.1107203,333,
5.4053492,51.1168098,336,
5.4011853,51.1160777,341,
5.3992513,51.1139900,343,
5.3982108,51.1115515,346,
5.3929474,51.1139403,345,
5.3873746,51.1131901,278,
5.3869052,51.1106361,280,
4.2460825,51.0860339,42,
3.6643940,50.7470311,83,
4.6606944,50.8107656,100,
4.6651134,50.8124793,19,
4.5311740,50.8223236,41,
4.5402037,50.8293261,42,
3.8393128,50.7751272,34,
5.0686860,51.3229466,23,
4.2507399,51.0500040,120,
4.2434597,51.0577907,112,
4.2375750,51.0585175,111,
4.2447006,51.0563225,116,
4.2442774,51.0663661,109,
5.0869849,51.3241615,49,
5.1230555,51.3144689,57,
5.0985280,51.3223481,52,
5.0796913,51.3032749,73,
5.0874678,51.3016641,75,
4.5141316,50.9702095,868,
4.8521562,50.9510493,156,
4.8458924,50.9495709,155,
4.8984281,50.9863511,739,
4.8879431,50.9789867,725,
3.9487048,51.1766838,1,
5.7058214,51.1583606,199,
4.1988206,51.0490527,84,
4.1961407,51.0482116,83,
4.1915454,51.0450912,82,
4.2156601,51.0647552,101,
4.2145087,51.0695562,37,
5.1009828,51.3119067,64,
5.0989798,51.3027823,76,
5.1137447,51.2975992,82,
4.8161359,50.9702111,708,
4.8034354,50.9619552,76,
4.7992764,50.9467514,68,
4.0574900,50.8721794,65,
4.0017511,51.1863226,33,
3.9809643,51.2184820,46,
3.4017424,50.9086907,1,
4.9131556,51.0574382,103,
4.9041620,51.0638714,94,
4.8175594,50.9098893,135,
4.8305180,50.9192471,168,
4.8395298,50.9271190,140,
4.8234575,50.9279183,142,
4.8312760,50.9286049,141,
3.9718143,51.1805057,15,
6.2355229,50.6258952,92,
5.5488796,50.9353542,117,
4.5937475,50.9871567,508,
4.6133178,50.9740501,513,
3.8541132,51.1643830,26,
3.8187884,51.1489320,25,
4.8106346,50.9045561,58,
4.8025610,50.9219018,122,
6.1315003,50.3691125,20,
4.6558698,50.9608543,50,
4.6790356,50.9563595,523,
4.7032167,50.9477951,625,
4.9750351,51.0303774,98,
4.2710662,51.0519231,129,
4.6494114,51.1275264,01,
4.6140276,51.1315073,54,
4.7459002,50.9127890,13,
4.7295549,51.0758270,71,
4.7284705,50.9062336,44,
4.7280873,50.9062338,44,
4.7215319,50.9059719,401,
5.0965552,51.3415372,15,
5.0742923,51.3242715,40,
5.1030752,51.3409256,12,
5.1382166,51.2999088,80,
5.1411605,51.3006066,81,
5.0884946,51.2982952,74,
5.0819454,51.3164698,69,
6.0625598,50.6220778,25,
6.0751826,50.6227265,78,
6.0664932,50.6262270,55,
6.0657228,50.6263121,69,
6.0701169,50.6245648,75,
4.6084946,51.4185290,22,
4.9714735,51.2341200,73,
4.9499788,51.2246635,80,
4.9550948,51.2293508,81,
4.9549271,51.2292553,81,
4.9768912,51.2297821,20,
4.9796150,51.2264754,71,
4.9784849,51.2269412,70,
5.0020848,51.2422968,62,
3.3920663,51.2667733,54,
4.9924399,51.2653617,80,
5.0023748,51.2674358,81,
5.0102576,51.2580309,55,
5.0116135,51.2563705,56,
4.8713128,51.2973859,90,
4.8410792,51.2802575,96,
4.8539772,51.2325436,98,
4.8545232,51.2326530,98,
4.8614279,51.2226360,91,
4.8754114,51.2303099,92,
4.4115144,51.0113079,41,
3.6196539,50.7690029,57,
3.5984020,50.7990774,36,
3.5945049,50.7977101,67,
3.6686325,50.6772774,52,
3.5282509,50.7651221,9,Getuigenheuvels Vlaamse Ardennen
5.0639190,50.9641164,902,
5.0627581,51.3100682,44,
5.0623080,51.3024550,71,
5.0601487,51.3058590,02,
6.0035865,50.7168956,67,
5.0974143,51.3256500,31,
5.0957498,51.3267814,35,
5.0988189,51.3341491,27,
4.6847731,51.3392500,51,
4.6961386,51.3215593,17,
4.7177534,51.2896871,81,
4.6662238,51.2909419,32,
4.9909124,51.0565304,412,
4.9945051,51.0560123,225,
6.0516026,50.6894352,17,
4.9851874,51.0930588,180,
6.0484079,50.6846521,9,
4.9281982,51.1071542,345,
5.0966539,51.3200822,66,
5.1423340,50.9988733,36,
5.3974238,50.9275889,90,
5.6612397,50.6164507,36,
5.6402329,50.6250573,8,
5.0041481,51.0362259,76,
4.9453156,51.0649207,165,
4.9428472,51.0714599,43,De Merode
4.9665089,51.0461249,248,
4.9708033,51.0482399,124,
4.9781966,51.0526085,253,
4.9713367,51.0470997,109,
5.0090515,51.0410318,1,
5.0075067,51.0460811,69,
4.9841755,51.0701248,179,
4.9408392,51.0583563,366,
4.9363736,51.0588718,419,
5.0231941,51.0253805,201,
5.0329784,51.0519019,302,
5.0255853,51.0579237,192,
5.0789416,51.0373177,940,
5.0662891,51.0346655,232,
4.9818682,51.0436375,79,
4.9824462,51.0484974,78,
6.1144522,50.2024230,51,
6.1174851,50.2092156,59,
6.1182205,50.2096078,60,
6.1186052,50.2220114,76,
5.1453825,51.0917215,48,
5.0967252,51.1005770,02,
4.3773889,51.3429238,70,
4.3659816,51.3512334,64,
4.3600017,51.3556617,19,
3.9970191,51.0087468,45,
6.1180063,50.3320875,90,
6.1290392,50.2864943,23,
6.1638500,50.3653040,42,
6.2316145,50.3017314,18,
4.7383062,51.1257837,88,
4.7324712,51.1305854,89,
4.7317406,51.1312791,90,
4.7307305,51.1319644,9,
4.7288149,51.1268286,94,
4.7294146,51.1316277,8,
4.7208045,51.1286844,99,
5.0596773,51.3123802,01,
5.0721284,51.3015976,72,
3.5378545,50.7645448,10,
3.5397629,50.7758390,49,
3.5567941,50.7758637,39,
3.7093510,50.7226894,60,
4.0384342,50.7011064,422,
6.0097082,50.7158088,38,
5.7521610,51.1522135,206,
4.7736461,51.0971495,36,
4.7761655,51.0929202,35,
4.7830772,51.0927742,30,
4.7762368,51.0918372,33,
4.7899470,51.0997884,38,
4.7893853,51.0796403,65,
4.7862429,51.0935268,31,
4.7940509,51.0780339,63,
4.7556199,50.9482860,6,
3.5836660,50.7940372,79,
3.5812934,50.7944927,77,
3.5064100,50.7467841,47,
3.5212698,50.7476536,49,
3.4837950,50.7590386,33,Pays des Collines
3.6025815,50.7945252,82,
3.7185114,50.8402896,43,
4.7568348,51.0940075,22,
4.7839037,51.0766025,80,
4.7862765,51.0756757,81,
4.7843032,51.0774880,60,
4.7718952,51.0861068,32,
3.9871871,50.7230948,44,
4.0084787,50.7437928,600,
4.0316735,50.7693345,634,Pajottenland
4.0299413,50.7829551,7,Bronbossen
4.0573227,50.7594955,638,
4.0455393,50.7416262,437,
4.0693823,50.7228494,432,
4.0936546,50.7557624,441,
4.1666335,50.7816859,37,
4.7909979,51.0790823,64,
4.7892103,51.0756571,61,
4.7876761,51.0805832,66,
4.0090197,50.7676037,625,
3.9781953,50.7390568,605,
4.5312778,51.3868150,30,
4.5353588,51.3828858,31,
3.9820834,50.7274888,604,
4.0472360,50.7296920,435,
4.0834067,50.8237570,805,
4.2386912,51.0800387,41,
5.1018179,51.2886336,41,
5.1124604,51.3349924,28,
5.1030434,51.3389264,14,
5.1342608,51.3154392,60,
5.0784654,51.0710780,241,
5.0449248,51.0700270,227,
4.1154136,50.7473027,443,
4.0831416,50.7402780,446,
2.8171985,50.7822944,70,
3.9236443,51.0173995,21,
3.9237031,51.0248623,18,
4.9665164,51.0137406,175,
4.7096440,51.1292903,02,
4.6792779,51.1340024,50,
4.8642025,51.2574120,64,
4.8770867,51.2602168,01,
4.8781287,51.2657985,03,
4.8873563,51.2886166,46,
4.7228755,51.2495003,65,
4.6361710,51.1991737,46,
4.6443644,51.2030004,41,
4.6427805,51.2031021,40,
4.6614660,51.2147002,32,
4.6919662,51.2166383,57,
4.6723009,51.2009782,52,
4.6364836,51.1981937,47,
4.6522659,51.2115834,36,
4.6481818,51.2186004,93,
5.6648273,51.0363043,147,
4.3212584,51.0803836,68,
4.3177280,51.0797426,69,
4.3068362,51.0776738,72,
4.3179869,51.0697812,70,
4.3060943,51.0742234,71,
4.0965375,50.7564242,442,
4.0986924,50.7496489,444,
4.0687383,50.7353278,449,
4.1114066,50.7363483,271,
4.1117975,50.7342924,361,
4.1077247,50.7318983,272,
4.1124635,50.8131328,23,
4.1398354,50.7947816,208,
4.1343075,50.7967022,207,
4.1349328,50.7927085,209,
4.6572980,51.1500283,33,
4.6203864,51.1284268,55,
3.7156778,50.8962392,85,
3.7127074,50.8755302,65,
5.5076072,50.8019997,4,
5.4842375,50.8144090,17,
4.0536823,50.8074988,12,
4.0016493,50.7697482,624,
4.0086218,50.7815998,63,
4.0263586,50.7848136,6,
4.0433793,50.7894204,8,
4.9092881,51.0507188,123,
4.9134428,51.0533007,122,
4.9187471,50.9984954,385,
4.9525943,51.0027296,261,
4.4731501,51.3606503,22,
4.4711771,51.3602931,21,
5.2567392,51.0179358,60,
5.3373800,51.0415806,138,
4.1999888,50.9981439,30,
4.2260427,50.9625887,42,
4.9167676,50.9330502,207,
4.9649951,50.9319593,39,
5.0661747,50.8752503,330,
4.2013321,50.8003106,121,
3.6782981,50.8614227,38,
5.6266884,50.6117618,10,
4.2358496,50.7887607,736,
4.2041659,50.7998861,126,
4.1420955,50.8304280,171,
3.4317161,50.9815029,34,
3.4311408,50.9738931,35,
3.4162567,50.9758933,32,
3.4048869,50.9763410,33,
3.3979948,50.9754478,76,
3.3912553,50.9737898,75,
3.3858946,50.9715581,74,
3.3831293,50.9700309,6,
3.3682205,50.9787113,11,
3.3676186,50.9783818,23,
3.3759105,50.9721551,83,
2.6617030,50.8451356,25,
2.6575042,50.8498318,21,
2.6563625,50.8527097,75,
2.6521006,50.8684051,83,
2.6522732,50.8686482,16,
3.3661133,50.9816842,13,
6.3404559,50.4302880,28,
6.3480596,50.4248227,49,
3.3606388,50.9797246,19,
4.3803723,50.9672302,638,
2.6802323,51.1226534,63,
2.6606457,51.1209688,60,
2.6534608,51.1157224,54,
4.2935575,51.0157819,312,
5.0296014,51.3253580,20,
4.6041109,50.7750893,256,
6.1298332,50.2284392,55,
6.1300091,50.2289840,17,
4.7675405,51.3234680,35,
4.7753359,51.3295922,65,
4.8135040,51.3900488,27,
4.7959017,51.3962678,93,
4.7891388,51.3879751,92,
4.7686189,51.3798352,99,
4.9558759,50.9945817,209,
4.8658635,51.2195835,90,
4.8435412,51.2370545,31,
4.2150025,50.7868002,733,
6.1013734,50.2291425,75,
4.8852929,51.2772039,09,
4.9967910,51.0257015,245,
4.9993057,51.0246268,42,
4.7248674,50.8995798,41,
6.2145683,50.4357907,60,
4.8076388,51.2724442,88,
4.7882912,51.2647851,82,
4.6896409,51.2537699,25,
4.2814430,51.1029223,51,
5.0929786,51.3261452,36,
5.0917892,51.3259101,37,
5.0240477,50.9914106,254,
5.0000355,51.0019582,72,
4.9997385,51.0016988,74,
2.7124646,50.8558980,32,
5.0507009,50.9844239,96,
2.6731686,50.8267593,58,
2.8167678,50.8843580,98,
4.6750733,51.2319001,85,
4.6747580,51.2280055,86,
4.6650370,51.2262496,88,
4.6580028,51.2259445,90,
4.6591991,51.2242203,99,
4.6535303,51.2247433,91,
4.6559475,51.2195725,96,
4.6589061,51.2183360,97,
4.6598915,51.2154708,31,
4.6597237,51.2170062,98,
4.0037413,50.7132930,413,
4.0225502,50.7075579,415,
4.0154712,50.6973415,416,
4.8594412,51.0149118,62,
4.7852089,50.9767014,712,
4.7867932,50.9753964,717,
4.7848467,50.9704922,716,
4.9424765,50.9449092,213,
4.9135151,50.9311470,206,
4.6991587,51.2228010,12,
4.6326130,50.7669613,239,
4.8060705,51.2455670,56,
4.8257224,51.2544967,24,
4.8260208,51.2601698,26,
4.2191018,50.7907642,735,
4.1955948,50.7953402,124,
4.7197318,51.2415629,1,
5.1829797,51.2193686,01,
5.0085309,51.3139367,11,
4.7618453,51.2122354,46,
4.8099470,51.2303486,08,
4.9800620,51.2252926,56,
4.7618747,51.2069518,36,
4.7369493,51.2050483,78,
5.0437956,51.0245752,307,
5.0510765,51.0246009,930,
5.0788460,51.0134222,338,
5.0686529,51.0569954,314,
5.0545679,51.0537308,316,
5.0429009,51.0540632,117,
5.8458728,50.7518043,72,
5.8742839,50.7515666,86,
5.8500038,50.7459400,73,
5.0047560,50.9496432,307,
5.0114947,50.9514325,308,
5.0183423,50.9914910,51,
4.9792026,51.0271970,295,
2.6375319,50.8258204,44,
2.6295592,50.8222197,43,
2.6336079,50.8320343,46,
2.6319145,50.8402581,47,
2.6423951,50.8331605,64,
2.6319007,50.8308720,45,
3.6608513,51.2667017,39,
3.6545627,51.2555471,37,
4.8429880,51.0607779,377,
4.8396685,51.0575658,290,
5.0982344,51.3137255,65,
5.1095301,51.3118214,63,
5.1151414,51.3123317,62,
5.1080647,51.3068910,77,
5.1169558,51.3204517,54,
5.1330081,51.3049248,79,
5.1159425,51.3030411,78,
5.0196071,50.8215817,122,
4.8761805,51.2465158,43,
4.8730476,51.2468494,55,
4.6930880,51.1990824,62,
4.7386454,51.1883130,19,
4.6486457,51.2092683,37,
4.6346890,51.2022498,42,
4.6529739,51.2148194,30,
5.0933493,50.8454861,320,
5.0589485,50.8620882,353,
5.0315116,50.9330262,331,
5.0474495,50.9446204,912,
5.0426442,50.9525127,910,
5.0459509,50.9631401,906,
5.0521048,50.9663883,903,
4.2725588,51.0771478,124,
4.7582621,51.1343443,44,
4.4504858,51.0701222,170,
3.5351086,51.2523871,50,
3.5175830,51.2398378,8,
5.3514571,51.0093851,73,
5.3500846,51.0114000,72,
5.3530135,51.0209863,71,
4.4792808,51.0729932,231,
4.4478723,51.0341333,322,
4.8759576,51.0576767,276,
5.0258461,51.1247172,01,
5.0345203,51.1501809,38,
5.0259953,51.1241088,02,
3.4193005,51.0823878,6,
5.2747628,50.9573943,112,
5.2752800,50.9586235,111,
5.3272830,50.9638343,92,
5.3375083,50.9647207,89,
5.3355459,50.9652442,91,
3.6525621,50.7689223,37,
3.6556034,50.7564860,92,Getuigenheuvels Vlaamse Ardennen
4.6114476,50.7577375,253,
4.6068344,50.7645984,251,
4.1173638,50.9058124,106,
4.9672468,50.9106423,330,
5.0025934,50.9353991,301,
4.5337093,51.3751079,46,
4.6404031,51.2068597,38,
4.6370325,51.2053436,39,
5.7891096,50.7604412,41,
5.7668774,50.7746372,21,
4.6698190,51.2459999,42,
5.2094538,51.1109852,11,
4.7117025,51.1924816,23,
4.7118177,51.1929582,23,
4.5389082,50.7717359,3,
4.1602515,50.8255836,181,
5.0553464,51.0798909,347,
4.2076197,50.8188202,190,
4.1788923,50.8114749,193,
5.7868193,50.7544068,45,
5.7874060,50.7549907,44,
5.7786703,50.7582429,33,
4.1339751,50.8120041,144,
4.2415659,51.0546462,15,
4.2217683,51.0568887,105,
4.2407388,51.0703096,107,
4.2147780,51.0687953,39,
4.2072798,51.0763902,33,
2.8161886,51.1848738,71,
5.8470928,50.7411929,74,
5.8455104,50.7409343,65,
4.8809777,51.0322776,160,
4.6924686,51.1912729,24,
4.6933543,51.1930697,61,
4.7196699,51.2049092,68,
4.7178002,51.2064747,69,
4.7189941,51.2004743,67,
4.7187772,51.2010236,67,
4.7146557,51.2049510,66,
5.8655428,50.7584922,87,
4.7057599,51.2022013,65,
4.7004863,51.2006853,63,
4.7219285,51.1830076,20,
4.2561120,51.0645173,121,
4.2587286,51.0602238,114,
4.2024570,51.0583055,78,
4.2548665,51.1013829,09,
4.7390578,51.2028756,29,
4.7341892,51.2025041,28,
4.7304445,51.2063387,79,
4.7210287,51.2008705,26,
4.7414900,51.2064239,12,
4.7428166,51.2031409,14,
4.7452273,51.2087747,77,
4.1648580,51.0594190,167,
4.7989162,50.9166460,120,
2.7512819,51.1598247,75,
2.8437382,51.2001259,69,
4.7391307,51.0772934,12,
3.3109588,50.8584755,91,
3.3175801,50.8483343,43,
3.3199761,50.8454456,39,
3.3789030,50.7788689,25,
3.4011466,50.7605738,12,
5.8087877,50.7465015,47,
4.0505744,51.0259654,34,
2.8688626,50.9831318,3,
2.8663843,50.9835636,4,
2.8642443,50.9854107,8,
2.8638066,50.9888798,9,
2.8560919,50.9940767,43,
2.8634915,50.9851591,6,
3.2988836,50.8116910,98,
4.6047625,50.7685639,310,
5.3824868,51.2028715,426,
5.3700088,51.2079026,455,
4.2148653,51.0735937,38,
3.0163745,50.8988060,52,
3.0058120,50.8963392,50,
2.9961963,50.8925528,49,
3.0016504,50.8850885,1,
2.9962882,50.8742451,4,
3.0031548,50.8611592,26,
2.9914131,50.9060465,23,
2.9841178,50.9053719,24,
4.2687674,50.7983694,714,
3.0493585,50.9067206,60,
2.9799197,50.9022655,25,
2.9504155,50.8546572,58,
2.9320947,50.8529212,19,
5.1876366,50.9941723,5,
3.3894718,51.0818712,10,
3.3654786,50.9835926,3,
2.9967592,50.9024950,51,
4.5123774,50.9400578,300,
4.6008106,50.7750211,257,
4.4997339,50.9391869,37,
2.7498167,51.1270828,94,
2.7543611,51.1251130,96,
2.7427182,51.1403113,87,
5.0270143,51.0435131,195,
5.0419293,51.0488925,115,
2.9758858,50.8406087,64,
2.9398183,50.8138376,11,
2.8366860,50.9780790,46,
2.8297666,50.9698136,47,
2.7439195,51.1314414,93,
2.7430579,51.1287901,92,
2.7508034,51.1398409,03,
5.3785107,51.1118227,275,
5.3788577,51.1111015,281,
5.3861754,51.1170129,279,
3.4002756,51.1115872,20,
3.3268947,51.0729630,53,
3.3862560,51.1074822,85,
4.0484342,50.7087007,424,
4.0314816,50.7111914,410,
4.0253151,50.7088126,411,
2.7379451,51.1321975,91,
5.8119098,50.7501086,48,
5.7919075,50.7510177,90,
5.7668552,50.7751916,20,
4.8435914,51.2535954,39,
3.6661749,50.7445898,83,Pays des Collines
5.8331064,50.7501126,67,
3.6035015,50.7866529,55,
3.6103660,50.7902111,86,
3.6519576,50.8131183,70,
3.6720387,50.8199051,17,
3.6966627,51.2363536,45,
3.6963564,51.2268776,46,
3.6635176,51.1763625,42,
3.6429986,51.1652191,22,
4.0072722,51.0454245,31,
3.0854231,51.3038684,47,
4.3701016,50.9275519,61,
3.5460568,50.7562151,50,Wallonie Picarde à Pied
5.3410031,51.1289983,257,
3.0419415,50.8874606,91,
3.0504693,50.8901323,81,
3.0175864,50.9037741,21,
2.8495959,50.9102115,64,
2.8443165,50.9196854,65,
2.8283438,50.9511710,53,
2.8239081,50.9592979,52,
2.8062629,50.9813841,37,
2.8059050,50.9817596,36,
2.8101150,50.9917758,33,
2.7960071,50.9944120,29,
4.5009447,51.0613000,228,
5.8516559,50.7385651,75,
5.6825338,51.0658588,160,
5.6822301,51.0671657,314,
5.6858592,51.0717625,164,
5.6529299,51.0645036,170,
5.6445287,51.1165569,215,
5.8781937,50.7335244,76,
5.8404897,50.7375316,64,
5.8388675,50.7370693,63,
5.8361790,50.7346966,61,
5.8362229,50.7379213,62,
5.6347445,50.6152961,12,
5.6465980,50.6160495,17,
4.7030930,51.2237618,13,
4.6931862,51.2141919,56,
5.8119562,50.7341323,56,
3.0787192,51.3015943,48,
5.8122093,50.7499925,48,
5.8102029,50.7537411,49,
4.7785429,51.2126913,57,
4.7792678,51.2175982,2,
4.7530784,51.1951382,95,
4.7535725,51.2012622,16,
4.6008608,51.2345107,60,
4.5365847,50.9682791,135,
4.5269146,50.9461963,131,
4.0329397,51.0370551,36,
2.8501001,50.9102915,61,
6.1252718,50.2451019,53,
6.1046106,50.2341133,56,
6.1220496,50.2442027,60,
6.0994179,50.2029219,53,
6.1103300,50.2152671,54,
4.7941472,51.2655064,21,
3.0530937,50.8868556,80,
4.7731977,51.2020555,53,
4.7774267,51.2029043,48,
4.7789050,51.2038566,20,
4.7836029,51.2059658,21,
4.7816298,51.2025825,59,
4.7698713,51.2047192,90,
4.7800950,51.2068864,22,
4.7539655,51.1995738,93,
4.7674151,51.2075135,38,
4.4652012,51.4533166,37,
4.7598511,51.2005616,92,
4.7624769,51.2070316,36,
4.7679771,51.2038588,91,
4.7559870,51.2098566,47,
4.7565508,51.2087180,35,
4.7582865,51.2184227,85,
2.7295484,51.1448403,83,
4.1041409,51.2616887,85,
4.1256651,51.2436084,89,
4.1271851,51.2374798,90,
5.5615822,51.1544927,255,
6.1639410,50.6427551,95,
4.3028864,50.9068641,500,
6.0251857,50.6748107,65,
4.5804166,50.9462208,122,
4.5841251,50.9467709,121,
5.1585136,50.9708029,15,
4.7231613,51.2367836,6,
4.7075898,51.2369424,3,
4.7155404,51.2320997,4,
4.6984604,51.2267342,11,
2.7102834,51.1466749,75,
4.7200006,51.2297053,16,
4.7176686,51.2400927,2,
4.7099190,51.2266279,15,
4.0534630,51.0008759,22,
4.8725460,51.3583194,27,
4.8778938,51.3582903,28,
4.8802499,51.3595446,26,
4.8986773,51.3834644,74,
4.8989159,51.3834742,74,
4.9037483,51.3770849,75,
4.9057777,51.3748899,40,
4.9143982,51.3655717,95,
4.9091508,51.3627670,20,
4.8819919,51.3801538,71,
4.8653596,51.3687819,55,
4.8653898,51.3709818,53,
4.8705105,51.3776696,69,
4.9941372,51.2853699,82,
4.5899449,50.7632454,308,
5.8169259,50.7257000,58,
3.5283784,50.7641324,52,Pays des Collines
3.4989288,50.7632740,2,
3.4773039,50.7570762,30,
3.4751467,50.7609857,29,
3.4469644,50.7573023,9,
3.4613960,50.7556032,13,
3.4754027,50.7460941,38,
4.7520064,51.2170984,86,
4.7432049,51.2114964,76,
4.7463341,51.2253014,82,
4.7720210,51.2082769,39,
4.7616478,51.2248036,84,
4.7699237,51.2209510,41,
4.7714407,51.2223559,40,
4.7707971,51.2260837,91,
4.7702819,51.2200843,42,
3.0110805,50.8913758,96,
3.0571690,50.8996647,85,
3.0773267,50.9050837,65,
3.0927419,50.9073920,67,
3.0960103,50.9061339,68,
2.7255910,51.1431490,82,
2.7178831,51.1399157,77,
3.0298650,50.9004944,55,
3.0286675,50.9017645,56,
4.6729514,51.2190134,34,
4.6771883,51.2251429,87,
4.6660227,51.2121856,33,
4.6662034,51.2069102,35,
4.6538399,51.2023886,48,
4.6680440,51.2052541,53,
4.6895652,51.2318052,08,
4.6872187,51.2319127,83,
2.9847798,50.8747286,41,
2.7586470,50.7737112,62,
2.7654390,50.7664799,2,
2.7827399,50.7656210,10,
2.7918505,50.7703532,7,
2.9374466,50.8053533,08,
2.9372394,50.8114013,14,
2.9378761,50.8136600,12,
2.9517255,50.8309750,43,
2.9496547,50.8316467,45,
3.0193970,50.9037848,20,
6.0013532,50.6987055,18,
6.0023452,50.7007117,22,
6.0498189,50.6069475,9,
5.9878585,50.6600890,62,
4.5742705,50.9592914,205,
6.1297268,50.6280302,86,
6.1939130,50.3873918,8,
6.1945422,50.3868977,2,
6.2388484,50.3856416,80,
6.2410295,50.3871879,79,
6.2442071,50.3182574,74,
6.2415236,50.3274671,49,
6.2108313,50.3454061,28,
6.1703708,50.3551966,22,
3.6757365,50.6724182,53,
5.1265026,51.2036269,32,
5.1416172,51.2090697,24,
5.1419322,51.2073440,23,
5.1415684,51.2048462,22,
5.1335120,51.2096213,29,
3.6861779,50.6771931,77,
3.6861706,50.6833598,23,
4.5916637,51.2596134,92,
5.8107998,50.7485474,91,
6.1836320,50.6469430,77,rcn
2.6199482,50.8588469,81,
2.6481473,50.8413591,71,
3.0815926,50.9101888,6,
3.2047277,50.7822832,57,
3.2087615,50.7776279,59,
3.2190206,50.7744761,41,
3.0516398,50.8907775,82,
4.4040406,51.4249399,67,
4.3965843,51.4189938,61,
2.6415840,50.8452943,72,
2.6525735,50.8591218,78,
2.6535719,50.8512879,74,
2.6760488,50.8371064,53,
2.6807484,50.8346936,46,
2.6757871,50.8479768,49,
2.6745405,50.8388713,52,
2.7051917,50.8486488,36,
3.0000345,50.9122176,22,
2.9477806,50.8923914,36,
2.9154008,50.8913725,33,
2.9165742,50.9035468,32,
2.6864607,50.8424664,48,
2.6926584,50.8440944,81,
2.6915230,50.8502487,41,
2.7044156,50.8510926,34,
2.7941884,50.8738826,33,
6.1758556,50.4945102,20,
6.1536831,50.5112749,50,
4.6261724,50.9189110,811,
3.9176810,50.7132916,512,
3.9098909,50.7168054,514,
3.9034720,50.7183350,515,
3.9144314,50.7130582,513,
3.9250588,50.7189605,510,
3.9116814,50.7264368,508,Pajottenland
2.6797175,50.8407509,47,
2.7500626,51.1610801,76,
6.1126509,50.1880472,47,
6.1135422,50.1873349,46,
4.3344971,50.9294269,50,
3.5995939,50.6746832,26,
3.6055901,50.6827824,37,
3.5221637,50.7429147,51,
5.7843288,50.7604610,40,
5.7806875,50.7570256,32,
3.3997020,51.0617735,99,
5.4504184,51.1325797,308,
3.6474206,50.7913510,42,
3.0867478,50.8924352,74,
3.2837058,50.8413838,74,
3.3048047,50.8555423,6,
3.3085463,50.8577345,90,
6.0861615,50.1833443,48,
6.1053339,50.1828456,36,
6.1287738,50.1737640,80,
6.1137927,50.1794587,83,
5.5200182,51.1300672,247,
3.0192106,50.8892766,95,
3.0310953,50.8866936,92,
3.0371138,50.8756092,98,
2.9467131,50.8047388,10,
2.9218915,50.8046529,04,
2.9178604,50.8061104,03,
2.8745303,50.8174464,49,
2.9221354,50.8361877,69,
2.9913903,50.8722834,5,
4.5939082,50.9326313,111,
3.3647261,51.0855539,66,
3.3652049,51.0828910,67,
4.6762792,51.1321771,87,
4.6503522,51.1264539,59,
4.6759496,51.1304076,22,
4.3616273,51.0852080,120,
3.4250206,51.0863420,7,
5.1542874,51.2431480,63,
5.1655832,51.2416317,84,
5.1657585,51.2352945,83,
5.1544352,51.2320042,06,
4.8775852,51.3694494,78,
4.8768092,51.3687869,79,
4.7185174,51.1259162,61,
4.7161091,51.1266566,59,
4.7194917,51.1222266,67,
4.7358739,51.1025598,49,
4.7353144,51.1008964,50,
4.7366543,51.1081688,48,
4.7332705,51.1146203,42,
6.0082143,50.7336148,32,
3.8657648,50.9441915,39,
5.8142866,50.7418165,55,
4.7897458,51.0623429,85,
4.8215224,51.0650558,51,
4.8046269,51.0633983,54,
4.7875460,51.0617849,58,
4.7845518,51.0615685,30,
4.7814675,51.0611883,56,
4.7792330,51.0614251,5,
4.7745165,51.4940299,34,
4.7672131,51.4947872,37,
4.6154500,50.9989010,90,
4.6013438,50.9941068,91,
4.6187157,50.9952877,94,
4.8655144,51.3613676,89,
4.2018216,50.8178468,196,
4.2103362,50.8227233,725,
4.8680326,51.3580539,88,
4.1303890,50.7474944,342,
3.2174497,50.8397365,52,
3.1751269,50.8050024,22,
3.0943546,50.8513427,91,
5.5122077,51.2271118,153,
5.5162141,51.2416970,156,
5.5196307,51.2725083,185,
3.4092167,51.0834466,5,
3.4085174,51.0830527,23,
3.9243894,50.7777800,10,
3.9189988,50.7889024,1,
3.9268083,50.7798345,11,
2.8339428,50.8078898,52,
2.8404620,50.8142739,54,
2.8475771,50.8218089,56,
6.0755826,50.6226029,35,
6.0640555,50.6200948,7,
6.0804036,50.6302932,46,
6.0711075,50.6116793,52,
6.1068373,50.6297269,1,
6.1357133,50.5946453,96,
6.1427853,50.5951470,39,
5.8947623,50.7363504,78,
5.8868034,50.7405278,77,
5.8158106,50.7499177,54,
3.5401924,51.1706897,2,
4.0059624,50.7566609,629,
3.9815494,50.7796814,50,
4.8622136,51.3567606,83,
4.8673518,51.3574555,23,
2.6018973,50.8503520,79,
2.6710093,50.8361125,54,
2.6702377,50.8363141,55,
2.6653899,50.8329600,66,
2.6684136,50.8315295,57,
4.6250961,50.7486210,244,
4.6206091,50.7664123,238,
4.6184478,50.7625524,249,
4.5976449,50.7928068,27,
3.5908108,50.7887765,66,
4.8868203,51.3506086,31,
4.9596445,50.9067031,329,
4.1949284,50.7535438,320,
4.1900111,50.7560362,318,
4.1610039,50.7660144,306,
4.4145429,51.0602309,264,
5.2180703,50.8533943,13,
3.6472934,50.8518751,31,
3.6426815,50.8572513,33,
2.6925586,50.8439441,42,
5.4837946,51.2295140,78,
2.6580105,50.8535080,77,
2.6689954,50.8509511,76,
2.6778087,50.8484712,40,
2.6766394,50.8490654,39,
2.7134474,50.8525065,71,
2.7163771,50.8467480,70,
2.7223516,50.8546474,44,
2.7226179,50.8546946,44,
2.6840264,50.8783478,12,
2.6902995,50.8821781,32,
2.7251508,50.8541667,12,
3.3340049,51.0682062,54,
3.3431912,51.0753752,57,
3.3441974,51.0787173,58,
3.3989935,51.0802815,4,
3.4214164,51.1023405,14,
3.4157539,51.1007581,22,
3.4013706,51.1113412,20,
3.3941168,51.1047202,13,
3.4959496,50.8141236,20,
3.4986037,50.8197223,9,
3.4979863,50.8203527,10,
3.4914504,50.8067330,27,
3.0325365,50.9022577,57,
4.3823460,51.0729507,123,
3.1741197,50.8387412,2,
3.1916753,50.8392118,3,
3.1942160,50.8398329,53,
4.0400002,51.0318830,65,
4.8353365,51.3346802,45,
4.8222500,51.3698142,74,
4.8094535,51.3744947,75,
4.8047034,51.3753777,41,
4.8169268,51.3616771,55,
4.8214129,51.3621922,66,
4.8312910,51.3588623,67,
4.8338096,51.3350399,41,
4.7327573,51.4201650,78,
4.7383376,51.4457000,38,
4.7789010,51.4043816,52,
4.7792068,51.4072466,51,
4.7930451,51.4094306,30,
4.7650158,51.3906238,88,
4.7830153,51.3838071,90,
4.7881146,51.3786679,30,
4.7845565,51.3854841,91,
4.8406445,51.3337642,01,
4.8238305,51.3313628,91,
4.8554093,51.3297114,36,
4.9103578,50.9250337,203,
5.2101848,50.8613612,12,
3.7068611,50.8936811,86,
3.7777634,50.8826234,92,
4.5274974,51.4619224,28,
4.9196200,51.2236654,34,
4.9211686,51.2155423,88,
4.8507905,51.2742443,70,
4.8166890,51.3568577,54,
4.8228961,51.3570711,52,
4.8358158,51.3616496,62,
4.8386736,51.3618424,61,
4.8406779,51.3595515,69,
4.8345948,51.3565242,68,
3.5970311,50.6888965,2,
2.7162351,51.1432132,76,
4.1961099,50.8235891,198,
4.1785923,50.8044766,103,
5.2161108,51.1713294,06,
5.1656285,51.1796516,33,
5.1841395,51.1637700,29,
5.2042559,51.1686654,23,
5.1607492,51.1660048,41,
5.1827272,51.1600515,31,
4.1211945,51.0015506,46,
5.5444615,51.1451732,251,
3.0080299,50.8611640,25,
3.0206828,50.8475466,75,
3.0277598,50.8410444,71,
3.0237454,50.8442429,72,
3.0224344,50.8347698,70,
2.9091696,50.8181563,38,
2.9066879,50.8224671,62,
2.8859456,50.8251182,47,
2.8754277,50.8180481,48,
2.7767263,50.7893737,49,
2.7574898,50.7933984,10,
2.7570617,50.7979465,17,
2.7400043,50.7925638,6,
2.7354857,50.7892856,5,
2.7373937,50.7869936,9,
2.7722193,50.7907517,30,
2.7607233,50.8084704,86,
2.8813343,50.8475218,62,
2.7584729,50.7844430,37,
4.9127557,50.9483614,28,
3.9965249,51.1858286,35,
4.0121416,51.1640773,22,
4.0205194,51.1671932,23,
3.9181909,51.1703673,30,
4.5186657,51.3084346,88,
4.5251478,51.3155709,31,
4.5345818,51.3139479,81,
4.5349396,51.3118648,30,
3.6927950,50.8845964,10,
3.7523959,50.8987748,78,
5.1839960,51.2208017,70,
5.1839806,51.2222007,69,
5.1879373,51.2187039,67,
5.1860085,51.2345585,55,
5.1887903,51.2346794,52,
5.1858715,51.2303628,54,
5.1856245,51.2297671,58,
5.1848488,51.2298247,58,
6.1127214,50.1788068,79,
5.3998945,51.1162378,342,
5.4010539,51.1204608,358,
6.1145058,50.1735328,35,
5.4001292,51.1088519,332,
3.4711194,51.1099708,79,
5.3407883,51.1340932,262,
5.3509082,51.1334957,259,
3.4819254,51.1210354,80,
3.4870820,51.1181679,82,
6.1475024,50.6518392,67,
5.3589544,51.1310423,254,
5.3547731,51.1367192,252,
5.1114292,51.1553824,25,
5.0076978,51.1274331,78,
5.7168547,51.1501640,208,
4.8096176,51.4689229,77,
4.8071157,51.4688463,78,
4.9072678,50.9249516,202,
6.1363202,50.1893226,8,
6.1362860,50.1943803,44,
6.1368679,50.1943102,45,
6.1453175,50.1921110,9,
6.1474440,50.1929509,50,
6.1477457,50.2171219,30,
6.1344851,50.2199730,29,
3.0513120,50.8524398,78,
4.4647719,51.4555180,92,
4.7463213,50.8164823,73,
4.7480244,50.8141255,74,
5.1053626,50.8740766,336,
4.8553298,51.3837885,47,
4.8192233,51.3920273,24,
5.3928937,51.1149523,344,
5.0100910,51.0415647,320,
5.0247126,51.0466519,301,
3.0929183,50.9112205,4,
3.0940110,50.9086317,1,
3.0965890,50.9045785,70,
3.0401874,50.8971764,90,
6.1568658,50.6693395,15,
4.2273568,51.0946290,04,
3.3313568,51.0988663,42,
3.3442755,51.1000871,80,
3.3360333,51.1018843,41,
3.3477520,51.1102080,81,
3.3392946,51.1118105,39,
4.4311482,51.0134925,290,
4.4211066,51.0136174,38,
4.4308311,51.0153191,34,
4.4302484,51.0179712,45,
4.2374374,51.0866422,43,
5.8316280,51.1528627,16,
6.0774023,50.2047669,58,
6.0770859,50.2173217,94,
2.9773140,50.8793255,42,
2.9587390,50.8800120,37,
3.0286569,50.8661460,23,
4.4600880,51.4368951,59,
4.4543766,51.4427557,23,
4.1005998,51.0230161,12,
5.3201365,51.2473478,83,
6.0947594,50.1991181,38,
6.0556724,50.2162077,93,
5.2967981,51.2406497,35,
5.3041799,51.2434908,85,
5.3038993,51.2444116,42,
5.3072187,51.2441453,43,
4.2948559,51.0963398,57,
4.2922377,51.0950003,56,
4.2894038,51.0939062,55,
6.0464449,50.2062093,92,
6.0371373,50.1875374,91,
6.0527852,50.1939569,7,
6.0540479,50.1868449,86,
6.0802437,50.2303143,73,
5.3595760,51.2578934,62,
6.2395837,50.6001874,74,
5.3650619,51.2439752,69,
5.3687102,51.2427957,75,
5.3584313,51.2526288,70,
5.3558405,51.2469661,72,
6.1658604,50.5705812,84,
5.3341788,51.2527228,53,
5.3272641,51.2553551,68,
5.3290067,51.2551642,54,
6.1032600,50.1821100,84,
4.9135797,51.3273509,66,
6.0170695,50.7299767,60,
6.0059154,50.7262675,36,
6.2153680,50.4563934,64,
6.2149718,50.4567751,66,
6.1159233,50.2510132,54,
6.2183118,50.4545000,61,
6.2201568,50.4575406,62,
6.1381477,50.1765749,78,
6.1371207,50.1861835,34,
6.0712354,50.1890740,89,
6.0700946,50.1901347,62,
6.0920757,50.2017052,52,
3.8956663,50.7330106,507,Pajottenland
3.3217302,51.1325324,1,
2.8898262,50.8435778,65,
5.3129589,51.2115266,179,
6.0540401,50.1994307,87,
3.0564024,50.8936354,83,
6.1603487,50.2040468,5,
6.1706012,50.2126542,47,
6.1963844,50.4570582,27,
6.1961220,50.4514335,28,
5.2688465,51.1852976,151,
5.2698984,51.1685907,160,
5.2810174,51.1744816,171,
5.2733340,51.1725269,158,
5.2892511,51.1808601,172,
5.2692130,51.1649942,161,
3.3387447,51.1695108,80,
5.3417884,51.1307769,263,
4.8826069,51.2066612,81,
5.2576411,51.2218629,15,
4.8231813,51.4573868,19,
3.3239225,50.8405299,33,
4.4577835,51.3002459,20,
4.4628217,51.2967502,63,
4.7764123,51.4985309,35,
2.7224183,50.8545977,44,
3.5445952,51.2504102,23,
3.7283479,50.7763284,34,
3.7226312,50.7710133,51,
4.8734024,51.2839763,42,
4.8892947,51.2856620,45,
4.8855037,51.2836729,44,
4.8425861,51.3614037,77,
5.6664094,50.8978690,77,
5.6572827,50.9046520,73,
4.8443626,51.3530058,82,
4.8748223,51.3628348,59,
5.1741141,50.9744322,33,
4.8426858,51.3349238,42,
6.1042005,50.2291499,19,
3.6917669,50.7449741,40,
3.2827034,50.8194841,43,
3.2851821,50.8167163,48,
3.2867168,50.8168708,40,
3.6923377,50.7898539,24,
5.7504549,50.9963476,84,
5.7540856,50.9949342,83,
4.4850596,51.2707997,01,
5.7191795,50.9627980,90,
5.7200327,50.9627806,90,
5.7160224,50.9713321,97,
5.7193111,50.9760864,95,
5.7336892,50.9764969,94,
5.7374776,50.9793407,93,
3.9078668,50.9438531,19,
3.8815385,50.9269686,23,
3.2382184,51.1230983,44,
3.2357465,51.1200479,43,
3.2421137,51.1136543,46,
4.4925018,51.2882704,53,
4.4917003,51.2720109,04,
4.4239611,51.0443337,281,
4.3599525,51.3523862,11,
5.4116407,50.9645678,6,
3.3668535,50.7716642,87,
3.3667554,50.7756356,88,
3.3740108,50.7854280,26,
3.3676956,50.7931557,19,
3.3467829,50.7908513,15,
5.4083788,50.9554737,81,
5.4082554,50.9558820,81,
5.6748694,51.0108139,18,
5.6775031,51.0224497,141,
5.6604061,51.0053246,19,
5.8910568,50.7506220,82,
5.8899438,50.7534906,83,
5.6654952,51.0009127,23,
4.8056004,51.4059557,09,
4.8144681,51.4069624,10,
4.5049161,51.2905115,96,
4.5339762,51.3030100,11,
4.2029287,50.9963504,57,
4.2131248,51.0027180,66,
4.2116237,51.0040741,67,
4.2168035,50.9985151,62,
4.2231278,51.0038267,65,
3.2812333,50.8260888,50,
5.6677638,51.0348657,146,
5.6614331,51.0368849,148,
4.4065151,51.0608242,151,
4.2236835,50.9986310,63,
4.2253703,51.0042934,64,
4.4560083,51.4358469,58,
4.5139299,51.4193026,12,
3.2833215,50.8280137,54,
3.2933154,50.8257237,44,
5.2985253,51.2081380,132,
4.3630258,51.3536879,10,
3.3590879,51.3362792,3,
3.1580362,51.3227396,39,
5.0942113,51.2745627,118,
5.0920021,51.2780372,40,
5.5496482,51.2645466,143,
2.9572244,50.8669194,38,
2.9572740,50.8484363,60,
2.9616592,50.8489239,61,
2.9800571,50.8481417,54,
3.0757781,50.8477106,81,
3.0899896,50.8496485,83,
6.1582911,50.6273546,87,
3.2869978,50.8500501,75,
3.4619767,50.8186823,91,
3.4640827,50.8229499,55,
3.5719600,50.7834866,97,
5.1877420,50.9933876,29,
2.6892610,50.8923575,4,
2.7092793,50.8916161,17,
2.7233858,50.8966961,8,
2.7128490,50.9046000,7,
2.7128055,50.9047597,7,
2.7303221,50.9017576,9,
2.7445066,50.9151126,38,
2.7261077,50.9235254,42,
2.7365893,50.9239083,37,
2.8647601,50.9257247,57,
2.8204810,50.8550315,6,
2.9383971,50.8398597,71,
2.9354290,50.8385324,70,
2.9676623,50.8556351,57,
2.7265066,50.8558205,14,
2.7457544,50.8652265,23,
2.7614701,50.8651420,12,
2.7305401,50.8668839,62,
2.7424777,50.8674920,20,
3.3810597,50.7793358,49,
3.3906515,50.9073452,93,
3.3899988,50.9086162,92,
2.7855926,50.9028362,90,
5.0217092,51.0267776,194,
5.0257117,51.0274748,308,
4.5496707,51.1141198,40,
3.5332319,51.2337912,14,
3.5429971,51.2575072,98,
4.5973263,51.1463973,95,
4.6050895,51.1522629,80,
2.7426603,50.9449759,27,
2.7118133,50.9331574,32,
2.6906880,50.9015286,6,
2.7230171,50.8603905,53,
3.9833746,51.1427903,38,
4.0549322,51.2399617,62,
4.0596781,51.2409900,69,
3.3596695,50.7907629,17,
3.3654642,50.7934401,18,
2.9461038,50.8047844,09,
2.9141195,50.8082156,2,
2.8981820,50.7654858,43,
2.8405989,50.7597721,13,
2.8401852,50.7582515,29,
2.8004768,50.7435285,43,
2.7919193,50.7441091,44,
2.7892198,50.7528199,49,
4.9173716,50.9339978,208,
4.8011057,51.2668161,20,
4.9415023,51.3301523,10,
3.3058340,50.8546664,2,
3.3562863,50.7936532,16,
3.0776577,50.8410525,93,
3.0816120,50.8430904,82,
3.0643364,50.8568918,79,
3.0654119,50.8546006,80,
3.0631374,50.8501429,96,
2.8687612,50.9928987,10,
2.8617106,50.9961803,11,
2.8566050,50.9983280,13,
2.8419305,50.9985214,14,
2.8374541,50.9903664,41,
2.8395513,50.9886066,40,
2.8232972,50.9895838,38,
2.8475974,51.0155580,17,
4.1883289,50.9677012,707,
4.7358075,51.3412803,20,
4.7580442,51.3326878,53,
4.7318208,51.3594476,24,
4.7399819,51.3541753,22,
4.7431912,51.3606673,25,
5.0409805,51.0926596,360,
4.7663102,51.3814830,98,
4.7777521,51.3697844,29,
4.7843555,51.3667666,45,
4.7887675,51.3660143,40,
4.8286482,51.3800875,76,
4.8319654,51.3936069,21,
2.6245502,50.8623045,3,
2.7723188,50.8137489,85,
4.7945237,51.4391778,92,
4.7864778,51.4380156,91,
4.7894847,51.4435253,90,
4.7952161,51.4440169,87,
3.0264770,50.8859448,97,
3.2953525,51.1144924,8,
5.0661263,51.0823944,365,
2.6062475,50.9031473,96,
2.6167005,50.9054389,54,
2.6166525,50.9099121,53,
2.6247877,50.9189166,52,
2.6227268,50.9202355,3,
2.6141051,50.9202417,2,
2.6041882,50.9172337,1,
2.9565364,50.8316180,42,
2.9645022,50.8298832,36,
2.9667571,50.8300390,82,
2.9499418,50.8245389,32,
2.9474088,50.8250789,52,
2.9491398,50.8260045,30,
4.9988476,51.1260066,62,
5.1467845,51.1556938,10,
4.1528171,50.9292829,48,
4.1115864,50.9399332,3,
2.9596413,50.8272624,35,
2.9272807,50.8236675,28,
2.9140586,50.8155534,52,
2.9100709,50.8190532,22,
2.9153454,50.8205303,23,
2.7373519,50.9719192,21,
2.7520561,50.9667063,22,
2.7358159,50.9655794,20,
2.7285612,50.9677913,19,
2.7354298,50.9572541,30,
2.9110723,50.8071838,1,
2.9200924,50.8138475,15,
4.7610136,51.3438680,10,
4.7577527,51.3413540,86,
4.8300095,51.3631766,64,
4.3125370,50.9791124,538,
3.3619673,50.7797407,28,
3.3643692,50.7612434,85,
3.3702945,50.7686480,86,
3.3774845,50.7486769,21,
3.3658563,50.7432599,98,
3.3879102,50.7535179,17,
3.3821240,50.7468721,23,
3.3792733,50.7464272,22,
3.3592521,50.7975556,2,
3.3607128,50.7617625,84,
3.3588288,50.7399934,72,
3.2907181,50.7811171,37,
3.2838609,50.7865466,3,
3.2984932,50.7924574,5,
4.8102441,51.4790573,10,
4.9150244,51.2223611,33,
4.9263724,51.2237404,35,
2.9911476,50.8912638,26,
3.0013965,50.8630000,20,
2.9483552,50.8048491,76,
2.9348158,50.8021449,07,
2.9256111,50.7989093,06,
5.0298151,51.1116690,33,
4.7828015,51.4722541,71,
2.8211260,51.0106214,26,
2.8324062,51.0151049,24,
3.2988395,50.8072293,91,
3.2938907,50.8096641,84,
4.8172269,51.4491996,82,
4.7865987,51.4482916,88,
4.7799700,51.4516446,64,
4.7469573,51.4582159,53,
4.7459645,51.4708170,47,
4.7624966,51.4830837,44,
4.7765759,51.4989774,35,
4.9424287,51.3315879,12,
4.9424688,51.3317299,12,
5.0246938,51.0906522,170,
5.0267038,51.0631923,226,
3.3713683,50.7891944,27,
5.6836716,51.0028829,6,
6.1147584,50.3125648,3,
6.1145279,50.3129328,2,
6.1213780,50.3275723,92,
6.1255594,50.3606183,41,
4.8027767,51.3105681,59,
4.8420790,51.3258686,61,
5.0694992,51.0858655,388,
4.6351021,50.8162637,212,
4.6455231,50.8156072,102,
4.5868469,51.2927786,43,
4.6058292,51.2970853,54,
4.6061622,51.2924608,67,
4.6058796,51.2959397,53,
4.6684428,51.3355744,09,
4.6870467,51.3357460,52,
4.6425800,51.3314826,50,
4.6011074,51.2843644,70,
4.6742219,51.3312320,14,
3.2802912,50.8260052,46,
4.6659561,51.3375210,10,
5.2363839,51.0884074,04,
4.7830656,51.4712450,70,
2.8458248,50.7428826,16,
2.8038341,50.7433198,42,
2.7762988,50.7535770,18,
2.7751252,50.7581061,17,
2.7768335,50.7615275,13,
2.7824675,50.7615814,11,
2.7901671,50.8032268,83,
3.3338464,50.8406903,35,
4.5849048,50.9580310,124,
6.0863375,50.2303262,74,
4.0472972,51.0285755,72,
4.0414716,51.0271471,69,
6.2725096,50.4292151,22,
6.2888525,50.4336940,10,
4.1094526,50.7878568,220,
4.1047964,50.7863191,218,
4.0714851,50.7997586,273,
4.0338590,50.8038056,2,
5.0876802,51.0667283,312,
2.6156865,51.0979552,28,
2.6207155,51.1062168,33,
2.6297775,51.1052947,38,
2.6184202,51.1092109,32,
3.3195982,50.8361932,24,
2.7457511,50.7987035,2,
2.7506996,50.7930418,20,
2.7536552,50.7951208,19,
2.7601147,50.7972956,18,
2.7615835,50.7995035,89,
4.9859664,51.1251839,73,
6.2820487,50.4430725,23,
6.2581690,50.4056023,15,
4.4527307,51.0713414,221,
2.7336500,50.7963817,3,
4.7993823,51.0970099,37,
2.6866201,50.9200411,45,
2.7410366,50.9337753,36,
5.0191459,51.0694450,224,
5.0553611,51.0540228,315,
5.1802853,51.2950960,16,
4.6249395,50.8146860,214,
5.1507876,51.2770951,17,
5.1560494,51.2750817,83,
5.1366826,51.2743528,128,
5.1205201,51.2864462,121,
5.1140884,51.2908077,21,
5.1149701,51.2926011,119,
5.1089264,51.2912966,20,
5.0575336,51.2531751,96,
5.0461541,51.2327125,133,
6.0223995,50.2619393,4,
6.0580741,50.2884029,39,
5.0495806,51.2257133,33,
6.2205993,50.3631576,5,
6.3131066,50.4314216,26,
6.3155637,50.4166198,56,
6.3090502,50.4236441,55,
6.3207164,50.4209541,60,
5.0544338,51.0588355,233,
4.6602514,50.8400230,10,rwn
3.4594173,50.9661706,84,
3.4538588,50.9673549,81,
3.8937440,51.0144124,10,
3.8952777,51.0130987,9,
3.8971889,51.0264586,13,
5.7503683,51.0211659,68,
4.1614676,50.9870108,59,
4.1688233,51.0003656,34,
4.5290113,51.2240205,17,
5.0995287,51.0887210,77,
5.1030858,51.0888435,76,
2.6563622,50.9162595,58,
2.6814120,50.9254092,47,
2.6782682,50.9365401,48,
2.7851129,50.8895598,92,
2.7211966,50.8763925,61,
2.6757694,50.9228497,46,
2.6720732,50.9434751,11,
2.6730688,50.9397638,49,
2.7353907,50.8599694,51,
2.7818479,50.8878745,93,
2.7950231,50.8905934,91,
3.0311266,50.8927446,93,
4.8249274,51.2330527,11,
4.8220003,51.2328673,10,
4.8218682,51.2324181,10,
4.8288057,51.2296707,86,
4.8389542,51.2347089,32,
4.8260297,51.2191865,80,
4.8122453,51.2207227,27,
2.7271642,50.8555301,19,
2.7290255,50.8557161,49,
2.7224671,50.8547586,44,
2.9360112,50.8133593,13,
5.0256437,51.2291859,134,
5.0334862,51.2294001,3,
5.0270556,51.2343428,65,
6.0419474,50.3375409,81,
5.0096331,51.2342589,63,
6.0293283,50.3459510,84,
6.0413025,50.3527045,82,
6.0361472,50.3341693,99,
4.9831402,51.2311964,69,
4.9861336,51.2334748,68,
4.9672205,51.2337868,17,
4.9610388,51.2332034,152,
4.9575383,51.2322413,12,
4.9550365,51.2313106,82,
4.9388185,51.2269578,84,
4.9386970,51.2287588,83,
4.9403279,51.2126127,75,
2.9174448,50.8133837,45,
2.9172544,50.8131212,75,
2.9073123,50.8172048,17,
4.5250431,51.2251742,18,
4.5317486,51.2255975,16,
4.5590767,51.2280028,50,
4.5268401,51.2266095,15,
2.8017008,50.7713618,65,
2.7827849,50.7665313,6,
5.0861902,51.0457217,941,
4.5155515,51.3251088,86,
4.1162354,50.9594653,19,
3.3859488,50.9030620,94,
3.2935447,50.8036468,82,
3.2924899,50.8019515,73,
4.5564232,51.2911949,14,
2.6193933,50.9224390,5,
2.6657625,50.9598548,16,
2.6660057,50.9516664,15,
2.6477750,50.9254807,51,
2.6520641,50.9167714,57,
2.6801666,50.9661865,17,
2.7769541,50.8617249,7,
2.6160259,50.9325867,6,
2.6776751,50.8293317,45,
4.9021725,50.9248873,201,
4.9012464,50.9402944,02,
4.8944902,50.9429646,21,
4.8167085,51.3998225,12,
4.8203217,51.4002842,13,
4.8290831,51.4086419,03,
4.8322556,51.3986343,17,
3.2172018,50.7911993,45,
5.5411022,51.0139182,297,
5.5418265,51.0050507,274,
5.5500594,51.0010323,275,
2.9829789,50.8515481,34,
2.9912270,50.8520445,38,
2.9592938,50.8442893,62,
2.9951645,50.8334828,4,
3.1128403,51.1464508,10,
3.6601418,50.8426468,54,
3.6596349,50.8304064,58,
3.6665240,50.8289868,59,
3.6428051,50.8311388,56,
3.9907629,50.8970151,94,
3.2805142,50.7762261,1,
3.3532131,50.7805093,31,
3.3534322,50.7803547,30,
3.3574795,50.7815201,29,
3.6409475,50.8473621,26,Zwalmvallei
3.6383551,50.8502729,25,
3.6895380,50.8323789,80,
3.6957226,50.8612074,50,
3.6983789,50.8357404,82,
3.4637028,50.7570560,8,
3.4807994,50.7514069,36,
3.4362056,50.8234813,19,
2.9287383,51.2374186,61,
3.3244297,51.3568225,13,
3.3443293,51.3579511,6,
3.3377622,51.3605743,8,
4.2873946,50.9840243,541,
4.3653323,51.0988897,107,
3.6006497,50.7707027,88,
3.6051010,50.7748774,89,
3.5072853,50.7587338,53,Pays des Collines
5.5131868,51.0089160,300,
3.2086852,50.8005892,68,
5.5538723,51.0156810,281,
3.2080948,50.8066990,72,
4.8379430,51.3907918,31,
5.9976374,50.6934648,80,
5.9868338,50.6969668,43,
4.2877598,50.9576215,520,
4.6619021,50.9763770,58,
3.3578688,50.9817528,2,
4.1703592,50.9811016,78,
3.3479672,50.8116857,94,
5.6945715,51.0041981,4,
5.6888437,51.0046116,5,
5.6881853,51.0010285,8,
5.6958925,51.0032993,313,
5.6961248,51.0035736,3,
5.6748486,51.0016138,14,
5.1097128,51.3266739,34,
4.8395738,51.2272917,88,
4.8241811,51.2234991,81,
4.8345342,51.2274170,85,
4.5173645,51.4387444,65,
4.0755951,50.9938475,75,
4.1019131,50.9900068,72,
4.0868864,50.9943244,74,
4.0990950,50.9918204,72,
5.0425184,51.1206668,05,
5.0352881,51.1218930,03,
5.0268281,51.1208259,61,
5.0231508,51.1347644,19,
4.2906401,50.9789069,542,
3.2093116,50.7904835,69,
3.2132088,50.7897480,65,
5.0836748,51.0504323,242,
5.0368359,51.0271706,95,
5.0368966,51.0306646,203,
4.5344462,51.4271509,38,
4.5026985,51.4355016,64,
6.1221077,50.2219514,77,
6.1759388,50.4368817,26,
6.1763454,50.4301306,36,
3.2371312,50.8059296,9,
3.2380185,50.8118250,16,
4.6845910,51.1264420,77,
4.6843065,51.1261640,77,
4.8309851,50.9539318,160,
4.8911460,50.9577297,730,
4.8344886,50.9547367,159,
4.8613977,50.9436585,225,
4.8820191,50.9495064,222,
4.8540767,50.9585978,158,
4.8283261,51.4788750,28,
4.7444435,51.3535092,23,
4.8189193,51.4404746,84,
4.7729626,51.3637877,44,
4.7955031,51.3979818,26,
4.8180761,51.4402834,84,
4.9000235,50.9320260,24,
6.1538839,50.6184599,98,
4.8212030,51.2382602,13,
4.8398535,51.2521162,38,
4.8247687,51.2398026,18,
4.8292550,51.2505967,36,
4.7675104,50.9101373,18,
4.6741655,50.8336914,601,
3.4995687,50.7543597,39,
4.6944225,50.8313905,142,
3.5601028,50.7903110,25,
3.4823695,50.7583212,32,Wallonie Picarde
6.0750002,50.1826127,85,
6.0792557,50.1722669,8,
6.1197891,50.1633905,81,
3.3792535,50.7784125,24,
6.0749728,50.1869533,88,
3.7282194,50.7570237,43,
3.7171806,50.8401832,6,
3.7051427,50.9033803,93,
3.6961015,50.9074682,95,
3.7405627,50.8807681,2,
3.7381658,50.9043969,80,
3.7669732,50.8339006,44,Zwalmvallei
3.2182465,50.8015117,17,
3.0662318,50.9097028,11,
3.0530203,50.9034006,86,
3.2674475,50.8278750,59,
3.2670454,50.8302742,58,
3.0723207,50.8409195,98,
3.0754530,50.8412841,94,
3.0723792,50.8462568,95,
6.2539802,50.4273901,9,
3.3290345,50.8415450,45,
4.8970483,51.0937964,340,
4.9061147,51.0882541,129,
4.8909786,51.1017566,346,
4.8124401,51.1966844,97,
4.8129374,51.1974571,97,
4.7985185,51.1945481,28,
4.8568328,51.2258968,93,
4.8829463,51.2209318,22,
4.8966475,51.2171077,25,
4.9141465,51.2190256,26,
4.9834263,51.2207771,59,
4.9834129,51.2370472,64,
4.9896589,51.2406053,06,
4.9864789,51.2400845,05,
4.9909670,51.2491991,54,
2.7096599,51.1317085,80,
2.7051570,51.1355007,79,
4.2756289,50.9795708,544,
3.4880879,50.7560544,37,
4.2634653,50.9951394,323,
4.2338868,50.9640402,404,
3.4731662,50.7580764,27,
3.5050500,50.7590458,8,Getuigenheuvels Vlaamse Ardennen
5.6621855,51.1760236,187,
5.6355150,51.1661333,184,
5.6312546,51.1799354,180,
5.6359953,51.1959997,166,
5.6366415,51.1954988,165,
5.6476784,51.1916675,161,
4.7715788,50.9242950,108,
4.7681236,50.9241877,16,
4.0874657,50.9489747,23,
4.0911065,50.9497764,22,
4.0768017,50.9538298,9,
4.0890180,50.9400265,7,
4.0821542,50.9550609,10,
4.0919167,50.9621446,90,
4.0668972,50.9415191,99,
6.1342216,50.6341554,34,
3.3779309,50.7844315,21,
3.3816540,50.7798626,23,
3.3849068,50.7785602,22,
3.3826860,50.7772011,13,
3.2861275,50.8306983,49,
3.2865384,50.8310688,68,
3.3757414,50.9525021,60,
4.0985355,50.9121160,115,
4.1130972,50.9547323,18,
4.1066059,50.9464608,25,
4.1099542,50.9494967,26,
4.0649396,50.9163141,35,
3.4114103,50.7475320,11,
3.3816639,50.7372550,8,
3.3653998,50.7530432,92,
3.3660155,50.7539498,91,
3.3941574,50.7564114,15,
3.3468520,50.7340938,63,
2.8393594,50.9464664,54,
2.8080102,50.9960046,32,
2.7999092,50.9994516,28,
3.3005528,51.1119116,12,
3.8673443,51.1507892,18,
3.2698192,50.8355936,76,
5.0121481,50.9303066,303,
4.6280800,50.8198766,209,
4.1032679,50.9354240,4,
5.5752675,50.9234121,103,
5.5743547,50.9230821,102,
5.5680390,50.9207077,106,
5.5527376,50.9197621,98,
5.5612857,50.9204428,100,
5.5628415,50.9278792,109,
5.5723100,50.9295494,105,
4.0851739,50.8145879,268,
5.0166863,50.9386839,310,
5.0198828,50.9466021,328,
5.0174923,50.9425164,309,
3.5001422,50.8326518,45,
4.6743875,50.8023558,109,
4.6664318,50.8241903,15,
5.4545351,51.1984890,15,
5.4509608,51.1952321,12,
4.9259213,51.1097654,344,
4.7041969,50.8079647,112,
4.7014760,50.8069274,111,
5.6776762,51.0684196,166,
6.1204562,50.3447766,81,
6.1341614,50.3188832,93,
6.0515479,50.3039441,48,
3.1280149,51.3162167,43,
2.7332113,51.1463364,84,
2.7556833,51.1336509,98,
3.2442712,50.7655155,88,
3.2406740,50.7705464,81,
3.2328417,50.7750923,46,
3.2230154,50.7756600,53,
3.2517705,50.7660308,64,
3.2120401,50.7736225,51,
4.6895903,50.8313338,135,
4.6629219,50.8262902,14,
2.9977253,50.8826366,2,
2.9592101,50.8282274,38,
5.0034255,51.1052390,164,
3.2293147,50.7780217,48,
6.1407074,50.3019660,5,
6.1470816,50.2793646,42,
6.1352121,50.2615120,47,
6.1211049,50.2855212,34,
6.0531955,50.3127686,68,
6.1151264,50.3127971,4,
3.2312733,50.7805134,54,
2.8384133,51.0089217,16,
5.0592354,51.1113627,21,
5.0710299,51.1141897,20,
5.0710194,51.1141128,20,
5.0625252,51.1097381,18,
3.0225480,50.8450135,73,
3.0652545,50.8889788,76,
4.4678683,51.3041704,17,
5.1651177,51.1022898,26,
5.1615082,51.1011091,27,
5.1321540,51.0846266,65,
5.2490727,51.0133934,64,
4.2147753,51.0347741,94,
4.2074064,51.0416000,86,
3.2444635,50.7811020,40,
3.3308530,51.0813332,51,
3.3371454,51.0844157,59,
2.9827500,51.2561254,57,
3.7527189,50.7779175,87,Pays des Collinnes
3.7418733,50.7775694,29,
3.7225047,50.8612087,59,
3.7184163,50.8524664,56,
3.7219793,50.8628493,60,
3.6897098,50.8582566,48,
3.6736155,50.8614800,37,
5.8852195,50.7635388,89,
6.1211325,50.6747549,54,
3.6421745,51.1772879,34,
3.6511827,51.1756653,36,
3.1687077,50.7947979,78,
4.6067739,50.7665455,263,
4.6320890,50.7740515,231,
6.0273541,50.7459569,86,
4.7699281,50.9114439,17,
2.7512355,51.1294863,97,
2.7424204,51.1376000,86,
2.7483896,50.7951231,15,
2.7325523,50.7985183,59,
5.0164712,51.2553294,58,
3.2358879,50.8044911,7,
3.0514742,50.8257352,1,
2.7327426,50.7986177,59,
2.7318891,50.7995670,58,
2.7281070,50.8068321,56,
5.5846784,51.1929191,35,
5.0754720,51.2176845,56,
5.0395176,51.2108105,52,
5.3658078,51.0009461,149,
5.4304019,50.9990459,37,
2.8896903,50.8444718,64,
5.9984144,50.6943355,1,
2.7346229,50.8548268,46,
2.6257821,50.9113575,56,
2.7282185,50.8511333,45,
2.7231788,50.8965800,8,
2.7299798,50.8911569,11,
2.7344341,50.8919883,10,
2.9997073,50.8857825,46,
3.3321288,51.3619060,11,
3.3414355,51.3607440,7,
4.7597092,50.8248879,756,
4.9699785,51.0928731,52,
4.9854056,51.0988239,182,
4.9739651,51.0865316,327,
5.0004348,51.0890725,214,
5.0052070,51.1020068,161,
4.9981162,51.0916912,159,
4.6897267,50.8449545,64,
4.3090128,50.9573741,524,
4.3060993,50.9888383,540,
5.0726310,50.9757065,93,
2.9527702,51.2462641,59,
5.4343056,51.0270808,11,
5.4329694,51.0285458,12,
5.4331745,51.0307566,3,
5.4383959,51.0320551,5,
5.4373517,51.0309555,4,
5.4395151,51.0299785,10,
4.7411734,50.8149360,72,
5.5834135,51.2163889,33,
4.6695076,51.1150865,70,
3.5727782,50.7740868,14,
3.5690663,50.7646988,13,
3.5606402,50.7896086,26,
4.7485742,51.4353297,42,
4.7827980,51.4819508,31,
2.9892862,50.8490360,36,
2.9847539,50.8505760,35,
2.9872041,50.8523949,37,
2.9854337,50.8533694,33,
2.9893310,50.8562509,32,
3.7871256,50.6605531,95,
3.7836500,50.6595864,90,
4.7324902,50.9061656,45,
4.6346311,50.7459845,243,
4.7841890,51.4610165,66,
4.7681532,51.4672291,51,
4.7739281,51.4665088,59,
4.8213679,51.4775620,14,
4.8156939,51.4768327,12,
4.8162456,51.4774747,13,
4.8333129,51.4775441,26,
4.8070060,51.4764704,75,
2.6842056,50.8785201,31,
2.6911936,50.8771959,80,
2.7166382,50.8902830,14,
4.7762447,51.4660162,58,
2.6470553,51.1129983,55,
2.6444964,51.1116250,50,
3.7099699,50.7171931,11,
3.6904077,50.7959876,16,
3.4372041,51.1453436,4,
3.4414893,51.1425500,8,
3.4486571,51.1499169,9,
3.4778555,50.8238952,52,
3.4621918,50.8179442,90,
3.2528003,50.8289147,80,
3.2324086,50.8172951,87,
4.7680641,51.4564905,57,
4.7543923,51.4696204,52,
4.7559113,51.4523233,56,
4.7558713,51.4521566,56,
4.8037914,51.4735508,73,
4.6761583,50.8397151,600,
4.7690246,51.4128543,49,
4.7634672,51.4038946,81,
4.7738988,51.4079797,50,
4.9745163,51.2714644,03,
4.9800915,51.2571418,52,
4.9811790,51.2373827,02,
4.9876731,51.2579076,53,
2.6008095,51.0858880,12,
4.7623385,51.4035177,84,
4.7675073,51.4012521,82,
4.7672113,51.4449664,62,
4.7720861,51.4502514,63,
4.7673000,51.4563065,57,
2.8377750,50.9637016,48,
2.7862447,50.9505351,61,
2.7208999,50.9505039,29,
2.7246048,50.9312641,34,
3.0056292,50.8650339,21,
3.0021858,50.8459804,69,
2.8019485,50.9837633,35,
4.7162668,51.4230616,75,
4.7224480,51.4328116,73,
4.7135243,51.4283567,74,
4.7225464,51.4197261,77,
4.7401838,51.4303732,40,
4.7469852,51.4336816,41,
4.7429467,51.4353885,72,
4.7397703,51.4354508,71,
4.7344783,51.4271485,79,
4.7455630,51.4444338,60,
4.7463913,51.4424080,37,
3.4851111,51.1801538,51,
3.4863592,51.1785375,50,
3.4955346,51.1710852,49,
3.5097900,51.1531864,69,
3.9038920,51.0250652,14,
3.4750861,51.1857286,45,
3.4739549,51.1806707,46,
3.4720948,51.1753418,47,
3.4799459,51.1691351,39,
3.4902395,51.1634642,37,
3.9997074,51.1556424,37,
3.9536325,51.1515062,39,
3.6013030,50.6743823,27,
3.6586183,50.7099093,5,
2.8246288,50.7814217,80,
2.7921255,50.9795440,76,
2.8058681,50.9535711,75,
3.1755464,50.7873468,71,
4.7806749,51.4535379,67,
4.7711715,51.4571904,65,
3.2728579,51.1974850,23,
4.6464848,51.2479520,06,
4.6431977,51.2526841,63,
4.6314204,51.2517272,04,
4.7099579,51.1293040,02,
4.7154486,51.1281246,04,
4.8917362,51.2419111,41,
4.8961009,51.2421640,40,
4.8834898,51.2555104,58,
3.6828708,51.1846730,40,
2.9446959,50.8195258,78,
2.7719963,50.7603824,14,
2.7630999,50.7575518,15,
2.8085825,50.7561051,54,
2.8059081,50.7569134,55,
2.8056269,50.7585906,22,
4.0136021,51.0134790,42,
3.9669929,50.9499056,73,
3.9542850,50.9396518,60,
3.9201571,50.9032394,91,
3.8716557,50.8913468,58,
3.8376402,50.8845540,9,
3.9232129,51.0214729,19,
3.9151069,51.1780963,51,
4.6298404,51.4179379,42,
6.0085645,50.6893827,69,
4.7079182,51.4454107,32,
4.7870867,51.4619507,68,
3.2076093,50.8073325,21,
4.7127346,51.4474505,35,
3.9822712,51.1819735,17,
5.1682863,51.2496461,38,
5.1339904,51.2504075,49,
5.1715701,51.2484066,10,
5.1569138,51.2457256,65,
5.1322192,51.2557844,96,
5.1228468,51.2517677,97,
5.1261176,51.2498150,27,
5.1285877,51.2495101,26,
5.1145053,51.2516389,23,
3.2345064,50.8021777,10,
3.2318623,50.8006930,8,
4.7841565,51.3276959,44,
4.7832721,51.3274963,38,
4.8003933,51.3356581,93,
4.8161703,51.3368291,90,
4.8021434,51.3364709,95,
4.8234234,51.3552566,53,
5.1085147,51.1520300,21,
5.1086932,51.1735403,82,
4.6033962,50.7706676,311,
4.8580102,51.3861226,65,
4.8770763,51.3831737,81,
4.8962321,51.3946035,27,
4.8987422,51.3977362,26,
4.8960569,51.3888940,88,
4.8964084,51.3921722,89,
2.5876416,51.0734586,11,
4.0625674,50.9217647,27,
4.6287498,50.7868063,226,
3.9602237,51.2016534,14,
3.9907785,51.1964376,37,
4.0268104,51.1848582,27,
5.2792621,50.9703168,46,
5.2846273,50.9679728,47,
4.6151974,50.8417745,518,
5.6933677,51.0074918,136,
4.1473894,50.9812378,63,
4.1500875,50.9844613,62,
4.1331627,50.9767341,65,
4.8089273,51.4386623,85,
4.8218730,51.4534435,80,
4.8195393,51.4513288,81,
4.8107394,51.4551338,49,
4.8161786,51.4475726,83,
2.9525201,51.2468107,60,
4.8108724,51.4344274,93,
4.8163446,51.4303927,95,
4.7800663,51.4428054,89,
3.9495155,50.8968749,37,
3.9157647,50.8728918,98,
3.2395001,51.3370739,29,
3.7774320,50.7396787,33,
4.7304611,50.8145954,115,
4.0350830,50.8862160,63,
2.8443557,50.7487954,32,
2.8324657,50.7458330,33,
2.7848325,50.7443426,47,
2.7841046,50.7483513,48,
6.1529573,50.4644830,21,
5.0315880,50.9538483,913,
4.1508777,51.2859997,31,
4.8575613,51.3746758,50,
4.8648750,51.3701339,53,
4.8733367,51.3637779,58,
4.8258481,51.3978843,15,
3.3018593,51.1997970,17,
3.2620419,51.1994778,8,
4.7433145,50.9072908,46,
4.7696789,51.4978254,36,
4.7568137,51.4961613,38,
4.7475097,51.4831715,40,
4.7581655,51.4903833,41,
4.7620041,51.4880218,43,
4.7656265,51.4918623,42,
4.7780200,51.4936581,33,
3.8833589,50.9263993,16,
2.7893343,50.7576002,20,
4.5909200,51.3820898,83,
3.3298744,51.0738692,52,
4.1188083,50.8279507,173,
4.1207343,50.8291302,176,
4.1251969,50.8307822,175,
4.5901822,51.4075144,13,
4.5143699,51.4073294,89,
4.5245674,51.4191044,88,
3.5065122,50.7434239,44,
4.8531638,50.9191911,235,
4.8537234,50.9076081,238,
4.8487754,50.9111122,59,
4.8492614,50.9149148,236,
3.6343237,50.7084093,36,
3.2928099,51.1965163,53,
3.2877167,51.1900304,50,
3.2958442,51.1906280,51,
6.0679680,50.1894268,63,
6.0647399,50.1623627,9,
3.2654956,51.1979973,9,
3.2617978,51.2000538,7,
5.6664400,50.9741477,44,
4.4009750,51.3007604,99,
4.3816849,51.3345758,83,
5.6487102,50.9559204,50,
4.3726975,51.3310846,82,
4.3694249,51.3338131,80,
5.2213758,50.9808851,55,
5.3137635,50.9553581,93,
5.2264287,50.9854002,53,
5.2439736,50.9964841,100,
3.5880822,50.7870082,81,
3.5923607,50.8017091,68,
3.4886896,50.7596578,7,
3.5165224,50.7747245,37,
3.5298526,50.7774106,70,
3.5443036,50.7797474,16,
3.7010281,50.7545594,9,
3.7095218,50.7673992,6,Pays des Collinnes
3.7707836,50.7768157,4,
3.7631500,50.7795083,86,Bronbossen
3.7742144,50.7796582,7,
3.8311794,50.7496418,68,
3.8068501,50.7748234,26,
3.8143972,50.7712587,27,
3.8185743,50.7716876,28,
3.8911738,50.7734458,50,
3.8231019,50.9642121,98,
3.8293670,50.9683582,99,
4.3714819,51.3197426,87,
4.3814562,51.3078486,89,
4.3764634,51.3138642,88,
6.1686807,50.5605133,77,
2.8262302,50.7817367,8,
3.6887964,50.7761047,52,
3.6240658,50.8183109,60,
3.6303558,50.8233142,64,
3.6400939,50.8237733,65,
3.6524089,50.8240253,66,
3.7243867,50.8309846,9,
3.7398594,50.8301484,11,
3.7761980,50.8171069,29,
3.7746212,50.8405974,47,
3.7759772,50.8435501,48,
3.7484720,50.8333982,73,Zwalmvallei
3.7796509,50.8303463,39,Zwalmvallei
3.7503587,50.8485142,71,
3.7401227,50.8310081,12,Getuigenheuvels Vlaamse Ardennen
3.7626945,50.8520141,62,
3.7660683,50.8517146,61,
2.9889879,50.8881961,27,
3.0670110,51.2901836,01,
4.3853372,51.3363763,76,
4.0415660,51.0283705,70,
4.0401928,51.0290018,64,
2.8103073,50.7781643,1,
2.8037633,50.8086918,82,
3.6934387,50.8965478,92,
2.9761520,50.8346804,10,
2.7917050,50.7440800,45,
4.8031468,51.4913976,05,
4.8072538,51.4924646,01,
3.5111155,50.7741537,21,
3.5101439,50.7824469,23,
3.4928819,50.8127776,21,
3.7052223,50.6600233,82,
3.7125192,50.6638547,80,
4.8473409,51.4119271,55,
4.0099838,51.1980542,43,
5.3236910,51.2223493,94,
4.5311704,51.4654929,22,
4.5337741,51.4658638,20,
4.4835434,51.4748276,11,
3.3252677,51.1079209,34,
4.7886277,51.4913908,30,
4.8532942,50.9086023,237,
4.8376275,50.9329841,144,
4.4486078,51.3424647,01,
4.3645574,51.3317873,81,
4.9554269,50.9330160,306,
4.8658484,51.1934599,18,
4.8411670,51.2015053,95,
4.8408233,51.1979447,12,
4.1909667,50.9791093,79,
4.7736621,50.9383264,69,
5.0956985,50.9038415,401,
5.0817213,50.8828492,434,
4.9191095,51.3803628,97,
4.4225591,51.0350090,274,
4.1831946,51.0921320,46,
4.1841865,51.0005200,32,
4.1877622,50.9984751,31,
2.9141459,50.8015396,05,
3.0253309,50.8477596,76,
3.0309190,50.8513484,77,
3.7897482,50.9029841,17,
5.6540074,51.0690018,175,
4.2018590,50.9961304,58,
4.2145838,50.9975854,61,
5.6340562,50.9313961,61,
5.6287976,50.9351021,56,
5.6469400,50.9177855,68,
5.6332276,50.9091532,79,
5.6230370,50.9118720,76,
4.6788883,51.2601649,22,
5.2254970,51.2379921,11,
5.2873048,51.2405582,10,
5.2154750,51.2359928,48,
3.6813859,50.7340717,15,
2.7411895,51.1370397,89,
4.5803211,50.8425694,58,
4.7103810,50.8204708,136,
3.4737811,50.8198162,94,
3.4991673,50.8409937,40,
5.2967387,51.2461259,41,
5.3008870,51.2510430,40,
5.3064440,51.2536015,45,
5.3005475,51.2514554,40,
5.2997194,51.2537014,39,
3.5845143,50.7890672,78,
3.5778198,50.7797726,95,
3.5624581,50.7667041,12,
3.5588912,50.7632924,11,Getuigenheuvels Vlaamse Ardennen
3.3140024,50.7999434,81,
5.2901348,51.2479563,33,
2.6381823,51.1080139,40,
2.6592341,51.1208564,59,
2.6597446,51.1154476,53,
4.5799052,50.9186102,87,
5.1727950,51.2282903,78,
2.7708594,50.7950260,13,
2.7125483,50.8974920,18,
2.7063256,50.8954078,19,
2.7073175,50.8939922,20,
2.7022205,50.8903601,21,
2.7063339,50.8859229,23,
2.7113177,50.8873623,16,
4.7351248,50.8947446,42,
4.2704775,51.0018489,331,
5.3963032,51.2110668,464,
5.3940971,51.2050964,463,
5.4077522,51.2160557,434,
4.6855695,50.9635177,635,
4.7720970,51.3594299,32,
4.7704275,51.3484537,11,
4.7416726,51.3379151,19,
4.7421372,51.3429225,18,
4.7487768,51.3443150,17,
4.7422037,51.3425862,18,
4.7272722,51.2963315,91,
4.7581836,51.3425873,09,
4.7680516,51.3378860,07,
4.4502820,51.0256466,187,
5.3027124,51.2508098,44,
4.4335543,51.0259863,60,
4.8180183,50.9072573,136,
4.2341022,50.7943585,737,
3.0456665,50.9037060,59,
3.6387559,50.8120405,69,
4.8206834,50.9366953,145,
4.8327711,50.9334376,143,
4.8254420,50.9509175,161,
4.8407885,50.9436992,152,
4.8452974,50.9429623,153,
4.8387539,50.9403297,151,
4.9694980,50.9349854,31,
4.9862633,50.9386271,33,
4.9855021,50.9395917,30,
4.9822575,50.9291046,37,
6.3191242,50.3771581,69,
6.3239389,50.3681457,85,
6.3183328,50.3731315,91,
6.3166474,50.3760423,68,
4.9184550,51.2532025,90,
4.9113159,51.2500713,87,
4.9127982,51.2474935,8,
4.9445822,51.2389609,79,
4.9397197,51.2354434,28,
4.7232105,51.3589671,83,
4.7344752,51.3519936,21,
4.9682036,50.9326259,38,
5.0016945,50.9408019,333,
4.9987984,50.9441036,34,
5.0097326,50.9562992,330,
4.7408225,50.8061040,76,
2.5719690,51.0980603,16,
4.1232762,50.9924268,54,
4.3080012,50.9087024,501,
5.5453318,51.2513424,154,
4.6496961,51.1268804,59,
5.0197457,50.9311900,325,
5.0052223,50.9174437,8,
5.0138713,50.9430045,332,
5.0141027,50.9307149,302,
4.9005613,51.2150532,27,
4.7081088,51.3042535,94,
4.7239153,51.2959027,82,
4.6491165,51.2779270,58,
4.4153093,51.0403154,82,
4.4167776,51.0418654,74,
2.7663276,50.7836703,46,
2.7619363,50.7799342,43,
4.1158103,50.9822161,68,
4.8935528,51.2250215,24,
4.8879676,51.2211185,60,
4.9015105,51.2233851,23,
5.7575314,51.0188696,69,
4.1180323,51.0046169,47,
4.1175954,51.0050455,47,
4.1192644,50.9987945,45,
4.1097048,50.9976937,56,
4.9416231,50.9184727,318,
4.0804881,51.0051325,51,
5.3432090,51.2126122,90,
5.3430193,51.2127878,90,
5.3305529,51.2162073,89,
5.2965959,51.2537165,38,
5.2935277,51.2537133,37,
4.9219233,51.2193741,89,
2.7595053,50.7916361,11,
2.7618975,50.7903760,26,
2.7644762,50.7904626,27,
2.7588587,50.7848984,36,
2.7458871,50.7978079,1,
3.9473827,50.7941020,40,
3.9519562,50.7769827,620,
3.9768711,50.7810490,51,
3.9887170,50.7879190,48,
4.0201779,50.7919874,65,
3.9950497,50.7905864,46,
4.0235067,50.7975842,66,
4.0191062,50.7998851,67,
4.6548097,51.1046211,29,
3.2701545,50.8293229,61,
4.2584714,51.0601117,114,
4.6416815,50.7487186,242,
4.0802456,50.9792848,87,
5.8309171,50.7586324,68,
5.0123908,50.9515877,308,
6.1036196,50.6613069,10,
4.7918108,50.9229666,124,
4.7884991,50.9323192,128,
4.7898991,50.9342477,130,
4.8038961,50.9498734,166,
4.0912626,50.9752712,86,
4.0947427,50.9759555,85,
2.6227103,51.1038856,34,
2.6283999,51.1052746,36,
4.1186948,50.9712566,77,
3.2913846,50.8478047,71,
3.6417479,51.2245613,33,
3.6400284,51.2264460,32,
3.6376129,51.2320176,30,
3.4705566,51.1333172,75,
3.4706169,51.1359718,74,
3.4842990,51.1433728,72,
3.4924326,51.1432306,71,
3.1024502,51.3087671,45,
3.0752284,51.3001452,50,
4.1395536,50.9742756,64,
6.0109461,50.6796727,32,
6.0167811,50.6724123,4,
4.8117837,50.9235827,125,
4.5578114,50.9993725,25,
3.5474109,51.1591365,1,
3.5549850,51.1610050,5,
3.5466646,51.1590242,1,
4.8004089,51.3805731,96,
4.7998476,51.3783819,31,
3.0194611,50.8470379,74,
4.6440302,51.2337241,09,
4.6451519,51.2347980,12,
4.5844820,50.7878879,28,
4.7862804,51.2321887,66,
4.7759353,51.2506966,75,
4.7457870,51.1985365,09,
4.7804141,51.2359799,53,
5.2022479,51.1716772,25,
5.2094205,51.1761671,07,
5.1847112,51.1615039,30,
2.9908481,50.8716188,6,
2.9895005,50.8764703,3,
6.1924359,50.4374764,18,
2.9888395,50.8708238,9,
2.9881974,50.8715428,8,
2.7831775,50.7922289,51,
2.7823946,50.7927301,50,
2.7756637,50.7745436,56,
2.7876237,50.7789781,11,
4.6390600,50.7540105,241,
5.2903884,51.0025013,29,
5.2879302,51.0001851,33,
5.2718876,50.9950036,35,
2.8289719,50.7739654,87,
2.8303840,50.7720881,10,
3.9592809,50.8926508,31,
3.9574593,50.8907363,32,
3.9613867,50.8876901,15,
3.9480338,50.8794058,16,
3.9468541,50.8772810,17,
3.9125569,50.8714803,54,
3.8942926,50.8751825,52,
4.7910140,50.9166814,115,
4.9684073,50.9188717,311,
5.0379172,51.4674417,98,
4.9438454,50.9105637,315,
4.9427262,50.9139159,316,
4.5999098,51.2921059,44,
4.0624146,50.7511064,439,
4.0951056,50.7296001,448,
4.1204790,50.7220677,350,
2.7555262,50.7798570,41,
2.7660257,50.7947534,28,
4.9439688,50.9177590,317,
3.4668408,50.7421137,35,
4.1649735,50.7926473,134,
4.1622583,50.7953818,139,
4.1603698,50.7889261,137,
4.2451697,51.1096866,179,
4.9407230,50.9203107,319,
2.7906279,50.8753433,94,
3.5782396,50.8013077,34,
3.6194342,50.8228615,61,
5.4476417,51.2629560,127,
4.0577641,50.7649218,244,
3.3344787,51.1584451,81,
3.3049226,51.1777443,62,
5.0352835,51.4714148,99,
4.7893007,51.2719191,84,
4.8074391,51.2724614,88,
4.8048196,51.2763836,85,
4.7885327,51.2568495,41,
4.7902085,51.2764417,71,
4.7976178,51.2817879,86,
4.8117988,51.2765946,90,
4.8060984,51.2745217,87,
4.8126228,51.2783442,91,
4.7848863,51.2634897,42,
4.7903376,51.2585129,78,
4.8008717,51.2625454,80,
6.3335956,50.4475519,36,
6.3213201,50.4404652,37,
6.3180561,50.4417016,30,
6.3284356,50.4359525,42,
6.3135097,50.4435900,27,
4.7921772,51.2592754,81,
4.7931938,51.2577334,79,
4.7873540,51.2657594,43,
5.3724031,51.1446098,231,
4.0033518,50.8732045,73,
5.0236145,51.4148471,49,
5.0052840,51.4110222,47,
5.0177028,51.4129007,48,
5.0260926,51.4158812,50,
5.0339449,51.4385743,32,
4.9699607,51.4207894,28,
4.9510852,51.3973083,55,
4.9860008,51.4055029,53,
4.9745946,51.4173599,41,
4.9834717,51.4213362,39,
4.9420972,50.9388039,211,
4.9071882,50.9300577,26,
4.9287036,51.3908233,60,
2.7770765,50.7676119,5,
2.7690106,50.7694589,66,
2.7586408,50.7892720,25,
2.7571115,50.7870171,65,
4.9725461,50.9339667,32,
2.7553767,50.7920741,22,
2.7539409,50.7899758,64,
2.7531056,50.7896257,21,
4.9470486,51.3735779,03,
4.9628090,51.3810025,98,
4.9741832,51.3747320,79,
4.9798477,51.3749653,12,
4.9596556,51.3682873,05,
4.9611314,51.3741801,04,
2.7447055,50.7869685,14,
2.7385814,50.7884918,8,
2.7366638,50.7832679,10,
2.7450542,50.7805615,62,
2.7471328,50.7803802,61,
2.7553215,50.7787995,60,
2.7624790,50.7748636,42,
5.0383024,51.3970460,69,
5.0453259,51.4047039,70,
4.9860392,51.3975663,67,
4.9917157,51.4122736,43,
6.1833679,50.2381796,44,
6.3517511,50.4222894,40,
6.3286830,50.4144506,61,
6.3202902,50.4213395,58,
3.2132313,51.3361250,33,
4.7553187,51.2525650,74,
6.3324860,50.4613221,38,
3.2172609,51.3316681,34,
5.1648356,51.1649242,42,
5.1741806,51.1558552,53,
5.1650505,51.1701234,40,
5.1834280,51.1817840,54,
5.1599143,51.1793091,32,
5.4207921,51.1564960,242,
3.2188973,51.3376044,32,
4.7780089,51.2354522,95,
4.8173939,51.2664768,28,
4.8194976,51.2595343,2,
4.8190831,51.0512701,93,
5.0435337,50.9458023,911,
5.0088965,51.4275643,36,
4.9818463,51.4300257,38,
4.9970738,51.4213755,37,
5.0038568,51.4328310,63,
4.7875485,51.2386241,52,
4.8047643,51.2491441,1,
4.8078131,51.2462162,55,
4.8196854,51.2622961,27,
4.8051686,51.2443434,57,
4.7910980,51.2291539,65,
4.7931122,51.2282839,64,
4.7697372,51.2363691,96,
5.2350913,50.9782378,56,
5.2327104,50.9776734,57,
6.3508897,50.4469004,39,
6.3629512,50.4536920,44,
5.2215528,50.9822910,54,
5.2222895,50.9829050,54,
5.1848019,50.9896726,30,
5.1894613,50.9898615,26,
6.3048430,50.4456759,35,
6.2296412,50.4418617,58,
6.2390320,50.4469632,59,
6.2573450,50.4272719,7,
6.3344972,50.4616979,43,
4.1755048,50.7851964,34,
3.2541310,50.8445448,90,
3.2567974,50.8427188,81,
6.3407571,50.4057155,51,
3.0397336,50.9087735,17,
4.1984482,50.7859414,7,
3.9331726,50.9032924,93,
3.9340545,50.9105244,96,
4.8261192,51.2724136,53,
3.1570082,51.3239507,40,
4.9215142,50.9280830,205,
4.9194561,50.9204208,324,
4.9202591,50.9203647,324,
2.8747456,50.8368372,60,
4.9247199,50.9108523,323,
5.0236487,51.4275543,35,
6.3437172,50.4280573,62,
5.0459823,51.4630182,04,
5.0468445,51.4650901,05,
5.0539057,51.4550849,15,
5.0659560,51.4609118,07,
5.0521546,51.4542556,16,
5.0164717,51.4732442,50,
5.0189880,51.4565655,18,
5.0404324,51.4409225,30,
5.0513853,51.4500606,25,
5.0343368,51.4396369,31,
5.0156916,51.4667095,01,
5.0268030,51.4584526,17,
4.7206932,51.2444360,68,
5.2117044,50.9978255,9,
3.2296387,50.8388566,97,
5.1455157,50.9767609,14,
5.1940685,51.0044613,1,
5.2121642,50.9986714,4,
4.8199487,51.2853087,10,
4.8164495,51.2859878,11,
3.9124844,50.8945684,82,
4.7879500,51.2932726,57,
4.8048058,51.2419695,58,
4.8023908,51.2357793,62,
4.7991271,51.2292218,63,
2.8973846,50.8520509,39,
3.9435152,50.9134777,45,
3.1014387,51.3093986,46,
3.2941392,51.1594575,67,
3.3093375,51.1554680,84,
5.0483815,51.4710695,90,
4.9516795,50.9106433,314,
6.2169310,50.4632142,68,
4.0191546,50.9510395,93,
3.0760740,51.2995135,49,
3.0683504,51.2959039,02,
4.8223575,51.2766075,89,
4.6712277,51.1198210,73,
4.6747543,51.1224250,74,
4.6757309,51.1268890,75,
3.0515934,51.2846356,51,
6.3042102,50.3909725,52,
6.2739356,50.4113606,14,
4.7134517,51.1256796,60,
4.7059368,51.1148664,66,
6.2516180,50.3893822,78,
6.2489908,50.4208690,12,
6.2834891,50.4001630,20,
6.2687608,50.4018379,16,
6.2495969,50.4172010,5,
6.2553192,50.4078407,17,
6.2474874,50.3942454,66,
2.8725381,50.9849546,1,
4.0826189,50.7379204,447,
4.7411259,51.2747651,85,
4.7276161,51.2551637,61,
4.9926022,50.8309734,202,
6.2323245,50.4600603,67,
6.2212138,50.4559977,65,
3.2672040,50.7686774,65,
3.4122360,50.7457960,1,
3.4228561,50.7457873,3,
4.7803133,51.2224158,69,
4.7206231,51.0948233,54,
3.3992112,50.7347338,25,
4.7147487,51.0891254,13,
4.7154104,51.0867861,14,
2.9250752,51.2240822,63,
2.7533482,50.7843296,39,
6.1944021,50.5195826,7,
5.2784814,50.9696076,117,
3.9485803,51.1874821,12,
3.4747437,50.7541218,28,
3.4701783,50.7567465,26,
6.2825191,50.3808186,54,
2.7551788,50.7819119,40,
2.7576648,50.7902836,24,
6.2256108,50.3599972,30,
6.2345696,50.3596036,27,
6.3094349,50.3557228,89,
6.2815713,50.3854411,67,
6.2812829,50.3674811,81,
6.2335718,50.3593983,6,
6.2430239,50.3505884,29,
6.2646425,50.3582141,32,
6.2670195,50.3656717,31,
3.6959183,51.2481975,48,
3.6956029,51.2482868,48,
6.3060616,50.4546733,31,
3.6512184,50.8565359,34,
3.2293225,50.8276461,96,
3.2247265,50.8259418,95,
3.6488652,50.8528387,30,
3.7012305,50.8589371,52,
5.0170190,51.4647966,02,
5.0582151,51.4458978,29,
6.3097330,50.3597397,88,
6.3184631,50.3730669,90,
6.3116759,50.3524210,82,
6.3116488,50.3529123,83,
6.3108460,50.3726015,75,
4.7536135,51.1043719,25,
4.0341936,50.7166415,409,
4.0452856,50.7170939,426,
4.0372106,50.7268745,407,
4.0984072,50.7215524,352,
5.4277417,51.1360693,356,
2.7230792,50.8557608,17,
2.7277393,50.8454379,56,
2.7197168,50.8485481,42,
2.7212750,50.8526122,15,
2.7236231,50.8613510,31,
4.8048450,51.4402716,86,
4.6649036,50.8383305,11,rwn
3.2099282,50.7887657,61,
5.6340061,50.6096386,14,
5.2597789,51.2180352,14,
3.2092152,50.8068055,76,
4.5985629,51.1379612,19,
4.5968639,51.1392113,83,
3.0943773,51.1564295,6,
3.1090896,51.1513009,8,
3.1809531,50.7876165,63,
3.6401057,51.2408619,29,
3.6597376,51.1871323,43,
3.6609203,51.1918708,39,
4.8011990,51.2460865,54,
4.8222439,51.2940597,09,
3.6957081,51.2480910,48,
3.6572436,51.2369249,35,
3.6914341,51.2434585,44,
3.6717281,51.2442301,36,
3.5966225,51.2325548,31,
3.5890661,51.2180348,18,
3.1769267,50.7866643,77,
4.8049672,51.2413009,58,
4.8138767,51.2421687,16,
4.8136366,51.2449559,17,
6.0909737,50.6200167,66,
3.3648953,50.7207445,67,
4.8447751,51.2639744,74,
4.8413475,51.2687292,75,
4.8451535,51.2639397,74,
4.8442081,51.2718471,78,
4.8774143,51.0738731,391,
4.8660526,51.0709819,357,
5.1997706,50.9775963,32,
3.3590167,50.7223211,68,
3.1218438,51.1668826,35,
3.1235538,51.1685376,34,
3.1054956,51.1698637,43,
3.4554484,50.8053174,45,
3.4561342,50.7999430,55,
4.7447831,51.4696728,47,
4.7506427,51.4755531,48,
4.8487689,51.0691954,357,
4.6702669,51.3388564,12,
4.6679713,51.3416105,13,
4.7917322,51.3318525,99,
5.3804195,51.1687325,219,
4.0210499,50.9891592,14,
4.5892057,51.1333602,10,
4.7022470,51.3166636,18,
4.7024147,51.3163352,18,
3.2513146,51.1953846,6,
4.7256746,51.3027116,83,
4.7282768,51.2928282,90,
2.8327609,51.0102760,25,
2.8337954,51.0163917,23,
3.3602701,50.9801631,17,
5.1938622,51.0015739,10,
5.1838285,51.0052736,12,
4.7954969,51.3111161,60,
4.7935089,51.3108015,66,
4.1442946,50.7941276,147,
4.1866616,50.8204094,19,
4.1490958,50.8253700,155,
4.1636120,50.8192120,107,
4.1946755,50.8128986,128,
4.1713860,50.8060489,102,
4.1464152,50.7987945,142,
4.1586230,50.8010710,133,
4.1672282,50.8053026,119,
4.1473964,50.7906449,148,
4.1526651,50.8288914,183,
4.1599052,50.8042882,131,
4.1764720,50.8145009,192,
4.1601369,50.8011102,132,
2.7788010,50.7615673,12,
2.7774106,50.7646931,4,
2.7686138,50.7819164,44,
2.7670586,50.7838151,45,
2.8014972,50.7382081,41,
2.9907811,50.8569682,31,
4.7798141,51.3241823,42,
3.0226446,50.8630966,24,
2.8274633,50.7458416,34,
2.9974514,50.8877562,48,
3.0009063,50.8869991,47,
5.1537287,51.2793443,85,
4.5376700,51.2600067,80,
5.1064186,51.2658438,124,
5.0854236,51.2674015,100,
5.0673423,51.2687335,102,
5.0734506,51.2819837,109,
5.0743503,51.2882735,107,
5.0664274,51.2900291,143,
5.0558733,51.2928405,13,
5.1130800,51.2835741,126,
3.4383948,50.8043928,56,
3.4225022,50.8091812,67,
3.4380117,50.8048507,72,
2.9355775,50.8535751,86,
6.1440881,50.1758166,11,
4.8511767,51.3105572,54,
4.8546646,51.3144921,53,
4.8561796,51.3264570,64,
6.1674883,50.3046691,37,
6.0555286,50.2020904,6,
3.4291170,50.8144400,66,
4.6949899,50.8449300,66,
6.1728302,50.4492827,24,
3.4034805,50.9460261,54,
3.4116258,50.9504697,50,
3.4187016,50.9472461,51,
3.4045078,50.9274279,86,
3.3996108,50.9390846,63,
3.4147930,50.9232629,10,
3.3985096,50.9302131,84,
4.8736816,51.2734951,66,
4.8750643,51.2709009,5,
4.8684938,51.2672059,67,
4.8782457,51.2659120,03,
4.8648384,51.2584976,60,
3.3188785,51.1385174,99,
3.3506184,51.1201129,23,
6.3373497,50.3994029,57,
4.8802227,51.2751678,06,
4.8638907,51.2526340,54,
4.8639477,51.2537209,62,
4.8633642,51.2559972,63,
4.8511693,51.2406096,30,
4.8362516,51.2278199,87,
3.3143780,51.1296238,96,
6.1544548,50.2253789,16,
3.9756044,50.9200722,56,
3.9525801,50.9211423,51,
3.8844089,50.9665675,40,
3.8869027,50.9674997,37,
3.8760383,50.9606904,41,
3.8546443,50.8818107,47,
3.8381282,50.7740161,33,
3.8117333,50.7783448,25,
6.2710658,50.4163470,3,
3.6554599,50.7076966,93,
3.6573748,50.7093584,4,
3.9648647,50.8038108,98,
3.9040244,50.7949427,43,
3.9237310,50.7950427,95,
4.6048151,50.8196118,205,
4.5297692,50.8184561,48,
3.8554664,51.1881245,67,
3.9344202,51.2105872,86,
3.9351741,51.2092045,81,
4.8184875,51.2941947,50,
3.5808220,50.6697344,83,
3.3826065,50.7298389,6,
3.3834264,50.7284439,5,
3.3699112,50.7359763,99,
3.3709086,50.7341851,1,
6.2024094,50.3297757,87,
5.6411034,50.6081342,23,
4.8547501,51.2895002,97,
4.8534291,51.2917984,98,
4.8357648,51.2842260,01,
5.1370299,51.1820794,86,
5.1508818,51.1727949,70,
5.1430027,51.1820680,87,
5.1393124,51.1679933,04,
5.1381576,51.1675748,92,
5.1149361,51.1566715,24,
5.1462647,51.1677126,02,
6.1352767,50.2188976,14,
4.8091433,51.2884872,12,
3.2564165,50.7656283,61,
3.2954019,51.1443276,86,
6.1570900,50.2102400,13,
4.6209727,50.7747499,236,
4.6278871,50.7747726,237,
6.1529434,50.4433675,25,
4.1778720,50.7543262,316,
4.1870072,50.7577897,317,
4.6262380,51.1508187,67,
3.8148947,50.7932290,56,
3.7135802,50.7952170,5,
3.7960867,50.8356580,36,Zwalmvallei
3.6954473,50.8262817,73,
3.6940943,50.8236947,62,
4.6623997,51.1468523,31,
4.6568984,51.1476124,32,
4.8143115,51.2327759,09,
4.8133987,51.2348927,15,
4.1963943,50.9946947,53,
5.0079125,51.1237611,77,
5.1245484,51.2087010,30,
5.0630625,51.1630555,49,
5.1482523,51.2123973,25,
5.0877565,51.1954969,74,
5.0862974,51.1934945,76,
5.1062691,51.1911097,38,
5.0991041,51.1943866,75,
4.8344167,51.2581564,22,
4.8455324,51.2573066,20,
4.8300602,51.2603673,77,
4.8492544,51.2598636,72,
5.2390458,51.1860869,98,
5.2172321,51.1524055,20,
5.2415109,51.1551422,15,
5.2398714,51.1538608,17,
5.2610125,51.1658295,162,
5.2610136,51.1819818,01,
5.2452248,51.1621029,12,
5.2398219,51.1533958,16,
5.1948883,51.0973666,38,
5.1802638,51.0990864,33,
5.1674612,51.0916150,51,
5.2173858,51.0914057,91,
5.1768317,51.0973448,53,
5.2020800,51.1279144,61,
5.1804751,51.1002798,22,
5.1846907,51.0847352,81,
5.2003178,51.1119289,14,
4.4470720,51.3777983,13,
4.8256393,51.2944467,08,
5.0963433,51.2426493,20,
5.0994383,51.2359138,72,
5.2078378,51.2163775,61,
5.1945078,51.2133170,64,
5.2073478,51.2131933,62,
5.2067480,51.2088791,63,
5.1701987,51.2002705,51,
5.0473746,51.2755610,105,
5.0200008,51.2793428,85,
5.0053012,51.2879242,83,
5.0302634,51.2895724,88,
5.0265175,51.2725509,78,
5.0341111,51.2813940,90,
5.0343605,51.2848198,89,
5.0445577,51.2616065,101,
5.0527597,51.2709499,103,
4.8446510,51.2193303,75,
4.2023748,50.9220714,205,
3.1629720,50.7862142,37,
3.1652326,50.7863921,3,
3.1631801,50.7862429,24,
3.1567989,50.7850296,34,
5.1837859,51.1368519,65,
5.1599946,51.1369600,73,
5.1757242,51.1587101,32,
5.1998658,51.1494471,58,
5.2063862,51.1417469,59,
5.1861957,51.1369410,61,
5.1689719,51.1402311,69,
5.1479246,51.1413570,77,
5.1995986,51.1501779,57,
5.1675281,51.1339478,72,
5.1956142,50.9753760,32,
5.2222801,51.1485214,18,
5.1793469,51.1203506,07,
5.0954847,51.1078820,04,
5.1896067,51.1248507,TP,
5.1547844,51.1102098,42,
5.1471819,51.1052908,45,
5.1411352,51.1037246,46,
5.1753179,51.1233900,70,
5.1726685,51.1225612,71,
5.1403610,51.1088474,43,
5.1022216,51.1209121,50,
5.0918657,51.1325926,67,
5.0898057,51.1289018,66,
5.1000106,51.1334489,62,
5.1426899,51.1283001,41,
5.0909699,51.1266395,48,
5.1206798,51.1232474,55,
5.1179612,51.1296493,56,
5.0993054,51.1260124,65,
5.1326454,51.1404788,85,
4.5639824,50.7551180,306,
4.5592238,50.7564300,301,
5.0020791,51.2192088,58,
5.0390130,51.2464605,93,
4.1339887,51.0051495,38,
4.1372370,51.0021211,37,
4.6839489,50.8158315,122,
5.1484898,51.1417102,6,
5.1271746,51.1497727,13,
5.0875846,51.1445809,28,
5.1266226,51.1508826,15,
5.1157611,51.1512663,16,
5.1239696,51.1568597,03,
5.1134826,51.1466297,17,
5.1535544,51.1531284,46,
5.1117099,51.1461209,18,
5.1528129,51.1571658,43,
5.1241648,51.1568253,03,
5.0143504,51.3113016,13,
5.0137970,51.3112418,13,
5.0216634,51.3153968,17,
5.0262955,51.3253455,30,
5.0192385,51.3161145,12,
5.0168387,51.3176737,10,
5.0073850,51.3138229,11,
4.9868292,51.3792140,76,
4.9859345,51.3330004,58,
4.9943461,51.3716138,82,
4.9893799,51.3702277,81,
4.9874105,51.3683199,80,
4.9816361,51.3786051,77,
4.9961431,51.3722106,83,
5.0335114,51.3780574,30,
4.9777080,51.3705429,10,
4.9807134,51.3767154,13,
6.3781544,50.3237792,23,
6.3749995,50.3260119,13,
6.3826841,50.3302715,11,
6.3982703,50.3354085,27,
6.3757398,50.3265667,9,
6.3541154,50.3185352,19,
3.9902474,50.7931947,45,
5.2783714,50.9577136,110,
6.0314290,50.2361498,24,
6.1778939,50.2057016,48,
6.1767707,50.1984860,32,
6.1360342,50.1956771,1,
4.9181162,51.3608422,94,
3.6854199,50.8695073,62,
3.6816136,50.8726359,63,
4.6068258,51.3426366,20,
6.1009394,50.3377472,98,
6.1130591,50.3286459,94,
2.5513002,51.0818105,3,
6.1287717,50.3486594,67,
6.1383473,50.3469119,79,
6.1224452,50.3493291,80,
2.5455342,51.0891031,59,
6.1436777,50.3493528,39,
6.1155756,50.3527654,66,
6.1209942,50.3590245,65,
6.1704511,50.3523233,23,
4.7491619,50.8047006,754,
6.2072493,50.3582110,14,
6.3622770,50.3518874,72,
6.1277291,50.3608073,40,
4.8012621,51.2204615,05,
4.8100615,51.2248406,07,
3.4516350,51.1749738,42,
3.4674396,51.1723378,40,
5.2261560,51.0173841,3,
6.3299120,50.3342063,94,
5.4165403,51.0285662,19,
4.8147455,51.2206309,28,
5.4563278,51.2123217,03,
2.8268868,50.7648306,91,
2.7637238,50.7876706,32,
2.7753838,50.7899930,48,
2.7536635,50.8026525,16,
2.8037236,50.7656638,23,
2.8404313,50.7599756,28,
2.7669172,50.7940482,29,
4.8163134,51.2134287,26,
4.7664045,51.2194108,43,
3.5353358,51.1535138,91,
3.5374253,51.1381635,93,
3.5158713,51.1469039,89,
5.1721566,51.1549000,52,
5.1652491,51.1548185,49,
5.1692297,51.1554640,50,
5.1384828,51.1294096,87,
3.0076793,50.8526568,45,
3.0131947,50.8544964,44,
3.1086680,50.8935759,73,
3.1012712,50.9015259,72,
3.2225756,50.7885143,47,
3.6330893,51.1918756,32,
4.8144229,51.2063809,25,
4.8746029,51.2486819,56,
4.7807558,51.2136658,58,
4.1339298,50.9873548,53,
5.1576100,51.1242242,58,
3.2374808,50.8121188,63,
3.2567439,50.8073160,78,
6.2009457,50.4294471,39,
6.2085778,50.4109112,70,
6.1780162,50.3904772,1,
6.2493042,50.4186810,18,
4.5364473,50.7705396,START,
6.1198838,50.3847839,44,
4.8127464,51.2059966,25,
4.7794823,51.2242426,68,
5.3810401,51.2003444,416,
6.1467411,50.2521064,70,
6.0652957,50.2191670,97,
6.0328272,50.2336814,67,
6.0362971,50.2339405,68,
6.0579458,50.2425359,65,
6.0712580,50.2187658,98,
6.0408060,50.2519272,64,
6.0602015,50.2218793,72,
6.0454616,50.2745220,76,
6.0498703,50.2624587,89,
6.0563657,50.2552638,22,
3.2304774,50.8308532,50,
6.0420069,50.3275523,78,
3.0768947,51.1594351,57,
2.6016862,51.0930486,22,
2.7294014,50.7895301,4,
2.8253250,50.7493534,35,
2.8011804,50.7584377,21,
2.8108023,50.7515697,53,
2.8251768,50.7491574,35,
2.8276676,50.7631354,26,
2.8214201,50.7604971,25,
2.8204340,50.7620530,24,
2.8151164,50.7500303,36,
5.3669182,51.1841614,420,
5.4051732,51.1951167,465,
5.3735721,51.1901009,430,
5.3659647,51.1824082,403,
2.7423832,50.7908364,7,
5.2534268,51.1765364,60,
3.1833825,50.8385043,14,
6.3769232,50.3507590,10,
6.3713443,50.3406284,31,
6.3692136,50.3345897,25,
6.3698474,50.3464825,73,
4.3885970,51.3289263,84,
2.8458506,50.9868028,42,
5.0101575,51.0969650,50,
5.0504978,51.1085533,23,
2.6560246,50.8905687,2,
2.6726269,50.8883979,3,
2.6247170,50.9054581,55,
2.8341643,50.9841912,39,
6.0430084,50.3346888,86,
6.1513287,50.2859674,21,
5.0181307,51.1501233,67,
5.0384764,51.1337819,99,
5.0540325,51.1158462,38,
5.0449681,51.1361139,25,
5.0376124,51.1415138,22,
6.1892043,50.3290423,36,
6.1884327,50.3275500,70,
6.1779652,50.3180780,77,
6.1158018,50.1811841,37,
4.9658427,51.2395902,151,
4.9656764,51.2405818,77,
5.1109705,51.1109974,99,
4.0145932,50.7185172,412,
4.0073887,50.7093503,414,
4.5621528,51.1242746,38,
4.5868363,51.1369301,61,
4.9014648,50.9328389,25,
4.8998389,50.9322110,24,
5.1563654,51.1832266,55,
5.1665693,51.1817146,57,
5.2639101,50.9697905,114,
6.0604735,50.6065135,10,
6.0243785,50.2211413,96,
4.0798205,50.9876132,81,
3.1402010,51.1465984,19,
4.8938117,50.9458399,29,
4.6290904,50.7751488,232,
4.7792137,50.9168605,109,
3.9188662,50.7535388,28,
3.8954487,50.7625259,8,
4.6323667,50.7804955,233,
4.5862147,50.8105400,203,
4.5708450,50.7631629,307,
6.0979116,50.7229546,38,
3.5404076,50.7745600,46,
3.9871338,50.7371710,603,
3.9629184,50.7464891,62,
3.9574905,50.7459172,65,
3.9590672,50.7407069,63,
3.9576089,50.7460944,65,
3.9648183,50.7540377,60,
3.9767968,50.7564886,612,
3.9707833,50.7535087,6,
3.9027413,50.7943728,42,
3.9168268,50.7941672,3,
3.8957979,50.7918167,36,
3.8770721,50.7852891,45,
3.8948607,50.7958028,40,
3.8990562,50.7939128,41,
6.0027203,50.6288133,32,
5.2489373,50.9885525,101,
3.8723476,50.8039614,39,
4.0797169,50.8233666,804,
4.0744130,50.8151368,811,
4.0781724,50.8150242,813,
5.4899267,51.2063703,30,
3.9453784,50.8942433,36,
3.9624594,50.8955218,30,
3.9839877,50.8935369,7,
3.9796577,50.9082523,27,
3.8710399,50.8868602,59,
3.8553156,50.8816311,47,
3.8495159,50.8771903,10,
3.8631538,50.8738678,46,
3.8573519,50.8860421,49,
3.8260082,50.8833754,13,
4.0122871,50.8172520,72,
3.9939146,50.8090696,68,
3.9982339,50.8143273,71,
3.2697974,50.8341274,66,
3.8808871,50.8973577,67,
3.9065920,50.9152077,90,
3.8847504,50.9144016,88,
3.9155728,50.9201130,3,
4.6726608,51.2187871,34,
5.1759049,50.9956097,6,
5.1737060,51.0003555,11,
4.7615828,51.2301640,93,
3.4678664,50.9591124,85,
3.4465098,50.9556690,69,
3.4312345,50.9413609,49,
3.4285673,50.9318597,16,
3.4422568,50.9329339,27,
3.4465097,50.9372155,36,
4.9837507,50.9925721,139,
4.9951510,50.9798817,334,
3.4519671,50.9424864,37,
3.8928064,50.8879019,62,
4.0439468,50.9891727,15,
3.9241355,50.8932172,85,
3.9119858,50.8825917,70,
4.1452619,51.1057760,138,
5.1737339,50.7794288,9,
4.7064819,50.8164740,137,
3.8153353,50.6496207,93,
3.8174171,50.6588392,98,
4.1736580,50.7931276,115,
4.1807257,50.7712401,74,
4.1610868,50.7654479,307,
3.8403547,50.9234597,48,
3.8564093,50.9276284,27,
3.8572883,50.9155311,74,
3.8291946,50.9129985,1,
3.8262978,50.9151626,49,
3.8293033,50.9214824,47,
3.8821915,50.9183545,9,
3.8690681,50.9268707,33,
3.8273668,50.9250407,46,
3.8388442,50.9160546,50,
3.8315742,50.8996934,12,
3.8666371,50.9147606,76,
3.8275796,50.9518780,3,
3.8317318,50.9494898,4,
2.8133851,50.7739672,72,
2.8030667,50.7671697,97,
2.8143793,50.7750207,2,
2.8192405,50.7803460,81,
2.8016886,50.7720367,64,
2.7955779,50.7730731,59,
5.0860048,51.1265897,47,
5.0835624,51.1364275,71,
5.0827324,51.1355663,76,
5.1034358,51.1218499,51,
4.0599947,50.8085004,13,
2.9434429,50.8183233,31,
5.4316506,51.1394845,315,
4.6913702,50.9691638,630,
5.0725381,51.1536540,88,
5.0511261,51.1516189,41,
5.0725198,51.1554482,32,
5.0746755,51.1630535,50,
5.1191711,51.1709706,96,
5.1224475,51.1677031,99,
5.1500044,51.1685295,31,
5.1478866,51.1627665,91,
5.1441151,51.1593254,90,
5.1397312,51.1585129,07,
3.8931602,51.1484422,9,
5.1443757,51.1386998,79,
5.1434240,51.1389370,4,
5.1231540,51.1760345,83,
6.1839801,50.4458125,32,
6.1804296,50.4472677,35,
2.7347972,50.8601580,30,
2.7331684,50.8599894,29,
2.7448276,50.8661342,22,
2.7589558,50.9121673,39,
6.0233721,50.7105285,86,
6.0181091,50.7130713,13,
3.6038152,51.1603191,8,
5.4959995,51.1223630,238,
5.4873120,51.1221160,236,
4.2382049,50.7719774,702,
5.3958658,51.0147664,145,
5.4355939,51.0122123,30,
5.4187178,51.0174025,14,
5.4056263,51.0143020,15,
5.4298861,51.0157864,31,
5.3440217,51.0197259,81,
5.0841634,50.8719095,332,
3.5100679,51.2351998,7,
2.6432896,50.8869350,1,
3.2654620,50.8331013,78,
2.8200465,50.9452557,72,
2.8193711,50.9470839,73,
2.8274723,50.9353028,71,
5.4450430,51.1696677,329,
5.4296810,50.9976189,144,
5.4212956,50.9970576,36,
4.7983722,50.9792684,713,
6.0626442,50.2976195,38,
6.0620481,50.2972947,93,
4.8424184,51.2579108,21,
3.9903836,50.7742282,60,
3.9926384,50.7889775,49,
4.0582398,50.8100777,14,
4.8634340,50.9127560,239,
4.8565631,50.9206898,234,
4.8590877,50.9207857,233,
4.9920418,50.9819308,376,
4.9710437,50.9852309,120,
4.9113971,50.9892923,340,
5.7242007,51.0961699,222,
5.7484722,51.0911590,236,
5.7543873,51.0929895,237,
5.7571741,51.0966818,227,
5.7443335,51.0901451,234,
4.1050579,50.7863511,218,
4.0387056,50.9754440,10,
4.0373856,50.9761660,9,
4.0619701,50.7743324,240,
4.0601795,50.7506983,438,
4.0895772,50.7428359,445,
4.1570600,50.7403473,332,
3.5111075,51.2265131,6,
6.1930829,50.4389186,23,
6.1855155,50.4299596,34,
4.7180324,51.2313145,7,
4.2558491,51.0398514,99,
4.2584522,51.0327297,33,
4.2435274,51.0176786,30,
4.2361606,51.0260989,72,
4.1163126,50.7458641,267,
5.0751896,50.9697500,901,
6.0701027,50.7057754,7,
5.6378851,51.1154277,180,
2.6206261,50.8612196,96,
6.0149296,50.2863573,95,
6.0262943,50.2770384,88,
6.0128766,50.2758718,87,
4.8255684,50.9863042,749,
5.7535608,51.0343849,63,
4.7812580,51.3304186,03,
4.7787753,51.3325927,04,
4.0278938,50.9506746,3,
5.6565093,51.1728730,186,
5.6750659,51.1665497,193,
5.6933961,51.1656460,195,
5.6713607,51.1701516,191,
5.6992534,51.1595304,196,
4.8618565,50.9398550,226,
4.8561912,50.9365393,228,
4.8849314,50.9449263,221,
2.6414495,50.9375854,7,
5.0088860,51.0311795,80,
4.5077017,51.4597895,43,
4.5066958,51.4608722,42,
4.5047475,51.4642936,41,
2.6866727,51.1294549,67,
2.6786600,51.1292047,64,
3.6830872,50.7015240,16,
5.0993393,51.1969146,42,
5.1184201,51.2006150,34,
5.1253097,51.2063113,31,
5.0986705,51.1987404,43,
5.0850775,51.2108733,71,
5.0877037,51.2106189,49,
3.3388390,51.0866906,62,
3.3461285,51.0723059,36,
4.0160631,50.9534706,94,
4.0091406,50.9575039,95,
4.0046896,50.9584010,96,
3.9956983,50.9578682,90,
3.7066242,50.6702137,75,
3.6984839,50.6614655,83,
3.7273632,50.6646691,86,
4.8710108,51.0420772,394,
4.9780087,51.2358202,01,
4.9724466,51.2333821,72,
4.9558001,51.2274060,14,
4.7317567,50.9616959,613,
4.8500815,51.0082606,756,
3.9921105,50.9477905,84,
3.0679614,50.8907309,75,
3.0623650,50.8915651,78,
4.5746928,50.9538502,123,
3.4410575,50.9334880,28,
4.2350733,50.9595575,4,
4.7911549,50.9299384,127,
3.7693849,50.7839216,11,
3.7784551,50.7871220,10,
3.7250578,50.8476012,57,Zwalmvallei
3.7290281,50.8484803,58,
5.1142687,50.8242273,310,
2.7922129,50.7391916,46,
5.6536255,51.1793379,190,
5.7516652,50.7625737,16,
5.7532070,50.7624342,18,
4.7563862,50.9285311,102,
4.6377972,51.1652736,47,
4.6370398,51.1587487,42,
4.6385849,51.1577246,43,
4.6085901,51.2836038,72,
4.6042236,51.2713892,82,
4.6331122,51.2712973,69,
5.2407824,51.0886471,05,
6.0265828,50.6965005,49,
6.0266488,50.6963487,49,
4.6997634,50.8226643,140,
4.6095051,51.2535149,65,
4.6016433,51.2602839,95,
3.6002241,51.1821031,18,
4.3902457,51.0692621,96,
4.2708928,51.0017798,301,
5.0103461,51.3684312,84,
3.3045660,50.8536181,5,
3.7194137,50.6997572,50,
3.7248775,50.7060695,57,
2.7217096,50.8473877,41,
2.7259740,50.8498628,51,
2.9383342,50.7507380,3,
3.4216719,50.8195187,13,
3.4264944,50.8166799,8,
3.4231007,50.8063649,70,
3.7328865,50.7041732,68,
3.7162915,50.6929622,59,
3.7247458,50.7062000,57,
3.3771688,50.7280735,4,
3.3280536,50.7421073,44,
3.3277887,50.7585660,57,
3.2721032,50.7764202,13,
5.0746153,50.9847000,91,
5.0242988,51.2251175,41,
5.0318546,51.2241931,4,
5.0307204,51.2220993,130,
3.7705310,50.6711070,91,
2.9749465,50.8492263,55,
2.9952268,50.8543123,41,
2.9948170,50.8571170,27,
3.0109242,50.8571864,43,
2.9938604,50.8370521,67,
3.2497439,50.8033446,19,
4.8872974,51.2923010,48,
4.8795104,51.2900791,49,
5.0622068,50.9908137,98,
4.8091735,51.2717801,01,
5.0047691,51.3618630,96,
5.0162471,51.3682877,94,
5.0194032,51.3691479,93,
5.0233213,51.3765015,86,
5.0142850,51.3794084,74,
4.5713636,51.3253543,75,
4.5585360,51.3152348,76,
3.3213208,50.7541777,46,
3.5591384,51.1660773,13,
3.5683773,51.1690859,12,
3.5735040,51.1670832,10,
3.5716177,51.1663207,11,
3.5674592,51.1652089,55,
3.5673977,51.1688175,54,
3.5856711,51.1726125,9,
5.0157520,51.3715003,85,
2.7549146,51.1248460,95,
2.6557837,51.1107392,51,
4.0045503,50.7372436,601,
3.5535125,51.1606366,6,
3.5594636,51.1406327,99,
3.5211041,51.1371257,95,
3.5516533,51.1309991,98,
3.4439595,51.1509308,3,
3.5487954,51.1740359,3,
6.0934438,50.3756278,84,
4.4678916,51.3123182,13,
5.2864734,50.9658980,119,
3.3813743,50.7349427,7,
3.3805682,50.7319154,3,
3.9279817,51.0154557,22,
6.0247357,50.6948817,35,
5.4275600,51.2118592,467,
3.6958547,50.8950640,91,
3.6930617,50.8852411,10,
5.3778454,50.9581475,48,
4.4870878,51.2584310,02,
4.4849014,51.2643050,83,
3.3150186,51.3538768,4,
3.9179200,50.7009562,503,
3.2951622,51.3422478,19,
6.3255718,50.3486300,87,
6.3649305,50.3473463,5,
6.3230076,50.3268132,20,
6.3330635,50.3566507,70,
6.3522731,50.3495201,26,
6.3551797,50.3270314,21,
6.3335567,50.3553868,95,
6.3578293,50.3197764,8,
6.3783300,50.3389661,4,
6.3247242,50.3525869,71,
3.8493026,50.7919419,21,
3.8399153,50.7869100,22,
3.8843467,50.7807542,48,
3.9969150,50.7402100,602,
3.2879654,51.3445123,24,
3.9765286,50.8775911,82,
4.8643903,51.2951204,03,
3.6741073,50.8469855,29,
5.0002011,51.3051111,18,
5.0031788,51.3278039,35,
5.0230376,51.3264122,69,
5.0265406,51.3257532,30,
5.0344963,51.3177947,61,
4.5339693,50.9212424,17,
6.0184799,50.3298544,98,
3.2975236,51.1058749,22,
3.2925386,51.1155119,7,
3.3146422,51.1096126,18,
3.3005019,51.1061834,21,
6.2648790,50.2845546,14,
6.2709057,50.2752702,3,
4.7899801,51.3265575,45,
4.8216968,51.3236622,52,
4.8874303,51.2899827,47,
3.2946341,51.1162995,13,
3.2956616,51.1170160,6,
6.2572936,50.2739959,30,
3.7553807,50.6754533,1,
3.7426133,50.6731964,96,
3.0220807,50.9039605,19,
4.8082137,51.1874404,02,
4.8202027,51.1861344,03,
3.7982586,50.7623869,73,
3.7976212,50.7603687,74,
3.2278575,51.3396750,31,
4.0843509,50.9303683,33,
4.1060672,50.9248760,18,
4.0895274,50.9251826,12,
4.0962239,50.9469046,20,
4.0988442,50.9603292,12,
4.1135674,50.9677105,83,
4.1073046,50.9596431,24,
3.1968350,50.8090558,25,
4.5868152,50.9179777,89,
4.5925711,50.9209217,806,
4.5885007,50.9196832,88,
3.2609956,50.8293560,35,
4.1099913,50.8204894,83,
4.1061471,50.8215649,88,
4.0919493,50.8123156,232,
4.0941012,50.8227896,801,
3.5309564,51.2259322,15,
6.2554767,50.3185851,59,
6.2588206,50.3224078,50,
6.2703497,50.3225525,57,
6.2580066,50.3187584,61,
6.2475949,50.3146016,62,
6.2878130,50.3341577,60,
6.2835140,50.3353671,92,
4.0683121,50.8767384,58,
4.0843367,50.8830061,46,
4.0567392,50.8735822,64,
4.0304129,50.8721236,69,
4.0395842,50.8871709,60,
4.0428867,50.8889939,55,
4.0796337,50.8934352,42,
5.3756198,50.9602199,52,
6.0679567,50.2583960,63,
6.0613147,50.2606606,65,
6.0500126,50.2433147,26,
6.1012450,50.2481314,61,
6.0492294,50.2436098,25,
4.7805879,51.0690003,82,
6.0322928,50.2363834,70,
6.0477050,50.2618028,23,
3.5022302,51.2420405,9,
6.1709102,50.3479758,38,
6.1602077,50.3466997,43,
4.4277402,51.1093660,207,
4.4191554,51.4410898,47,
4.4328831,51.4406508,51,
4.4416367,51.4426008,52,
3.6853708,51.2681693,41,
3.6832159,51.2680176,40,
3.6016081,51.2618423,72,
4.6040613,51.3289530,03,
4.4333661,51.4355693,50,
3.7633628,50.7826218,12,
3.7486402,50.7909002,28,
3.7868444,50.7725551,89,
4.0615571,50.9827735,16,
2.8084104,50.7788920,99,
2.8127821,50.7798718,83,
5.2806239,51.1990814,134,
4.8141761,51.0671202,50,
4.7785933,51.0793676,28,
4.4174600,51.1115188,204,
4.3388288,51.0980575,154,
4.0585588,50.8946015,48,
4.4083049,51.1000931,158,
4.4001940,51.0940740,182,
4.3639979,51.0997273,106,
3.2619207,50.8237591,45,
3.4777798,51.1515117,16,
3.4754420,51.1590299,34,
3.4445950,51.1524561,2,
3.4521642,51.1227723,78,
3.4636809,51.1605700,32,
3.4647813,51.1649022,31,
4.3427967,51.1036670,302,
4.3434741,51.1040845,301,
4.3454583,51.1012075,245,
4.3410203,51.0994797,153,
3.3894877,51.0839982,26,
3.3956732,51.0839348,24,
3.5313492,51.1719941,67,
3.5320051,51.1774007,66,
3.4910928,51.1679679,48,
3.4982124,51.1646971,68,
3.4839984,51.1831211,52,
3.4875734,51.1674700,38,
3.5107049,51.1749149,65,
3.5095272,51.1750175,65,
4.7734067,50.9363116,601,
5.3427064,51.2156765,91,
6.0399697,50.6748115,88,
6.0343136,50.6689202,87,
6.0321684,50.6710209,26,
4.4347938,51.0843574,283,
4.2036268,50.8051334,129,
4.1979834,50.8030938,122,
4.4347602,51.0813642,211,
3.1859353,50.8421609,7,
3.1916620,50.8406015,8,
3.1880359,50.8398127,18,
3.1912455,50.8405101,4,
3.4981768,51.1907304,56,
3.4983842,51.1898942,61,
2.6207674,51.1156248,46,
6.2154062,50.4213352,47,
4.4153956,51.0547995,84,
4.4032802,51.0649193,148,
4.4014760,51.0673940,149,
4.4565667,51.0938715,225,
4.3961787,51.0749232,97,
4.3808358,51.0808099,99,
4.3837634,51.0707299,152,
4.3946232,51.0982669,115,
4.3866733,51.0936853,104,
3.8093040,50.7621867,72,
3.8233422,50.7745205,29,
3.6745430,50.8199224,18,
4.1307649,50.8186796,162,
3.4844844,50.9692462,96,
6.1189257,50.6772145,81,
4.1903331,50.8244312,199,
3.7284773,50.8567811,87,
3.3976574,51.0871975,25,
2.6349384,51.1137518,48,
4.3862610,51.0659000,144,
4.3950511,51.0635957,145,
2.6421610,51.1113224,49,
2.9563056,50.8110828,87,
3.3742924,50.9105980,99,
3.3764099,50.9086293,95,
3.3809968,50.9120662,91,
4.3833642,51.0864035,202,
4.6303115,51.1579491,55,
3.2378291,50.8237133,93,
4.6287292,51.1594031,56,
4.6406476,50.9939179,97,
4.6392721,50.9911894,98,
3.4618333,50.8265862,56,
3.4542300,50.8296237,25,
3.4505696,50.8307555,24,
3.4472836,50.8327197,26,
3.4547820,50.8214633,60,
3.4679802,50.8372420,32,
3.4310785,50.8302384,20,
3.4630743,50.8337074,29,
3.4380934,50.8150584,73,
3.4801239,50.8158923,97,
3.4709897,50.8123357,35,
3.4750009,50.8128033,34,
3.4911150,50.8167045,24,
3.4753479,50.8150044,96,
3.4696707,50.8051484,50,
3.4765269,50.8077598,32,
3.4165583,50.8162923,7,
3.4112461,50.8171189,6,
3.4318315,50.8228099,17,
3.4251930,50.8297400,16,
3.4062916,50.8247351,5,
3.4161684,50.8352984,2,
2.8663016,50.9846083,7,
2.8444229,50.9508271,50,
2.8259448,50.9575242,51,
2.8464767,50.9694150,44,
3.4895103,50.8286859,50,
3.5112851,50.8305322,43,
4.4949027,51.1839160,23,
4.2131529,50.8049810,729,
4.2031862,50.8048800,129,
2.9704232,50.8538886,56,
4.7741624,50.9121878,171,
4.7240556,50.9030339,400,
3.4152427,50.9628921,25,
3.3914953,50.9633598,10,
3.4159386,50.9621218,24,
3.3997671,50.9599670,14,
3.4096854,50.9633326,15,
3.4082416,50.9645078,16,
3.3991210,50.9457828,55,
3.3990176,50.9597538,12,
3.3764898,50.9611831,8,
3.3715651,50.9695285,4,
3.4414717,50.9670374,36,
3.4275527,50.9632347,38,
4.9881651,51.3585398,63,
2.6084214,50.8527457,80,
4.4370706,51.0770596,167,
2.6805064,50.9660767,18,
2.6798922,50.9485151,14,
2.7608048,50.9583461,23,
2.7784079,50.9630050,60,
2.7751363,50.8994176,89,
2.6983821,50.9513242,13,
2.6397028,50.9312566,8,
2.7016564,50.8803889,33,
2.6983346,50.8742888,35,
2.7127849,50.8859228,15,
4.4633653,51.0715863,178,
4.4726098,51.0700238,265,
4.4733093,51.0702279,232,
4.8694851,51.3330862,35,
4.0926442,50.7872044,224,
4.1008029,50.7682626,258,
4.0997879,50.8077173,24,
4.1031950,50.7879251,222,
4.8882990,51.0774677,185,
4.5447014,50.9645216,137,
4.5516129,50.9635903,138,
4.5400847,50.9645674,136,
4.9006752,51.0678517,105,
6.0805364,50.2445195,52,
3.7686314,50.8672724,79,
5.4146720,51.1979925,439,
4.8965786,51.0447074,156,
3.8136505,50.8906407,20,
3.0695547,50.9119929,10,
3.0686402,50.9128932,9,
4.9821217,51.0392920,84,
5.0343558,51.1500493,38,
5.1092284,51.1406692,59,
3.5057598,50.7501182,60,
3.4835275,50.7645251,6,
4.3290216,51.1318133,315,
5.1048498,51.0835149,73,
5.0216280,51.1115595,34,
5.0361951,51.1066990,29,
5.0321139,51.1063895,32,
3.6944079,50.8874342,11,
5.1148853,51.2255425,84,
3.7042033,50.6876469,31,
2.6889519,51.1387881,74,
2.6997152,51.1352417,71,
3.9273955,50.9556347,20,
4.4813367,51.3971485,79,
6.0556894,50.7090224,14,
3.7137563,50.7229732,51,
3.2591742,50.8473654,85,
3.9189633,50.9613392,28,
3.9305436,50.9631288,21,
3.9374098,50.9602053,65,
3.9248172,50.9595046,27,
4.8436576,51.0582435,68,
4.0496275,50.8900547,53,
4.4947499,51.1900940,21,
4.4888670,51.1921060,18,
3.7855247,50.8528796,65,
3.2657739,51.1472134,58,
4.0282672,50.9038303,52,
2.7267148,50.8549284,16,
2.7332589,50.8586159,67,
4.7388586,51.2202386,74,
4.0071578,50.9102327,3,
4.3977599,51.0833392,183,
3.9652099,50.8751999,98,
4.0960752,50.7969630,204,
4.7885150,51.2531273,40,
3.3468394,50.7884608,32,
4.3968700,51.0852396,162,
3.1606227,50.8333202,6,
3.1606391,50.8333615,6,
3.2617901,50.8252113,41,
5.5236576,51.2362318,155,
4.8364666,51.1961973,96,
4.8344215,51.2009477,68,
4.0615708,50.7740902,241,
4.0687111,50.7807162,235,
4.0521445,50.7721427,238,
3.7082422,50.8599779,55,
3.7024033,50.8594132,53,
4.1195114,50.7559769,266,
4.1223332,50.7633336,259,
4.1238307,50.7638472,260,
4.8650158,51.1842189,54,
3.3051225,50.7657563,50,
6.0107928,50.6791604,30,
2.9440090,50.8461708,73,
4.0088982,50.7813446,63,
4.1330899,50.8209421,16,
4.1156429,50.8177943,81,
4.1256402,50.8220279,163,
4.9666634,51.0889031,157,
4.9838283,51.0899604,335,
4.9802020,51.0892253,336,
3.3388325,50.8266669,19,
3.3258506,50.7959540,12,
3.6944548,50.7392613,17,
3.3028261,51.1916465,54,
2.9704922,50.8146948,89,
2.9443960,50.8079059,77,
2.9043692,50.8398402,33,
4.8021994,51.3984266,95,
4.7833235,51.4020249,56,
4.8005167,51.3940318,94,
3.7028163,50.8913594,87,
3.7341358,50.8801443,68,
3.7145573,50.8841171,6,
3.7114171,50.8891282,9,
3.7146863,50.8877477,4,
3.7229660,50.8864189,3,
5.4296533,51.2339059,42,
3.8010301,50.8381832,35,
5.0252104,51.0909725,169,
4.7671856,51.4157916,47,
5.1144233,50.9072678,408,
5.1084343,50.9062924,406,
5.1130767,50.9140360,409,
5.1120262,50.9068622,407,
5.1035848,50.9084405,405,
5.1274615,50.8809629,426,
5.0999439,50.8601822,338,
5.5093537,51.2190009,58,
6.0128719,50.2073975,1,
4.0311858,50.8770839,67,
4.1022399,50.9078936,102,
5.1202295,51.1147199,90,
5.1323865,51.2121486,27,
3.2952846,51.1674041,63,
4.7847240,51.1873639,44,
5.1282856,51.2450963,79,
5.1335870,51.2457183,73,
5.1319042,51.2397719,78,
5.1343700,51.2560706,44,
5.0154092,50.9897964,337,
5.1134557,51.2176106,52,
2.7627423,50.7718126,1,
6.0740878,50.7027772,79,
6.0167633,50.3352850,85,
2.8116111,50.7414996,39,
2.7996522,50.7481777,50,
2.7977406,50.7518552,51,
4.9142078,51.0627527,331,
4.8657780,51.0572679,42,
6.0718529,50.6252379,24,
3.6599741,50.6875393,12,
3.7608008,50.7468574,32,
3.7564526,50.7557895,28,
3.7182092,50.7537289,38,
3.6834002,50.7354833,82,
3.7450376,50.7658808,27,
3.7231309,50.7208299,52,
3.8041784,50.6646996,97,
3.4872821,51.1925601,54,
4.6736972,51.2995906,73,
4.6574512,51.2893278,31,
4.0131674,50.8910164,77,
4.4212721,51.3455232,30,
3.2135560,50.8336056,51,
6.1755114,50.3703447,16,
3.8859343,50.7614203,54,
3.9385364,50.7654710,617,
3.9077898,50.7500007,16,
6.1201359,50.3640693,21,
6.1737416,50.3832887,13,
6.1088175,50.3507269,52,
6.1141437,50.3502809,96,
3.9535712,50.7679227,615,
5.1047337,51.2449745,14,
5.0999904,51.2511080,42,
5.0971513,51.2562505,36,
5.0958538,51.2452409,18,
3.1355263,51.1543563,23,
4.8249571,51.0441915,349,
3.5100362,51.1945849,57,
5.1078515,51.2359926,59,
5.1304704,51.2336307,76,
2.8986775,50.7640394,44,
2.9044586,50.7627855,45,
2.8558046,50.8165573,58,
5.1284847,51.2634523,93,
5.1257474,51.2702845,127,
5.1605656,51.2458768,64,
5.1571876,51.2681530,32,
5.1612227,51.2498875,37,
5.1676560,51.2545359,99,
5.1786970,51.2466612,39,
5.1538074,51.2677871,90,
5.1709804,51.2486316,98,
5.1852159,51.2448455,97,
5.1774063,51.2425902,96,
5.1646045,51.2547579,35,
5.1766440,51.2374396,82,
3.8952038,50.7627085,8,
6.1041040,50.5926398,5,
3.8876438,50.7779887,49,
3.9409395,50.7558467,67,Pajottenland
3.9310283,50.9360406,7,
6.1286039,50.5834489,62,
5.1550578,51.1081514,41,
2.9882323,50.8338949,7,
3.8636966,50.9481665,7,
3.8809533,50.9471483,38,
3.9149387,50.9313789,11,
3.8782395,50.9363909,32,
3.9761461,50.9366467,67,
4.0869976,50.8236237,802,
3.7666805,50.8718224,85,
3.7555249,50.8704728,93,
5.6604070,50.9803505,33,
3.7598592,50.8818681,98,
3.7486183,50.8614228,86,
3.7467900,50.8498134,76,
5.1044027,51.2436056,13,
5.1014288,51.2381671,12,
5.0941078,51.2361573,74,
5.0925880,51.2369925,45,
5.0943615,51.2390842,75,
6.0140334,50.2158520,2,
6.0189903,50.2174820,3,
5.5245336,50.9637292,127,
5.5405297,50.9563402,120,
5.5396547,50.9527531,121,
4.1993179,51.0101532,23,
3.6889403,50.9075539,97,
2.7646104,50.7962604,12,
3.5025667,51.1316917,86,
3.4961106,51.1332747,85,
5.1577221,51.1788896,38,
3.9073673,50.7843689,44,
3.9310770,50.7584365,24,Bronbossen
3.9726113,50.7778101,58,
3.9786389,50.7401849,606,
3.9524634,50.7485501,66,Pajottenland
3.9620318,50.7526256,61,
3.9674956,50.7654036,614,
3.6507350,50.8813549,18,
3.9925196,50.7611959,611,
4.0276426,50.7526105,642,
4.0300785,50.7480299,641,
5.1302768,51.2282555,3,
5.1647917,51.2443465,2,
5.1597045,51.2684424,31,
5.1727653,51.2456322,95,
5.1602788,51.2673913,31,
5.1596588,51.2546177,36,
5.1867067,51.2446625,40,
3.3699267,51.0814309,16,
3.3875723,51.0695347,1,
3.3821679,51.0717384,74,
3.3835523,51.0734882,73,
3.3907234,51.0740684,75,
5.1552163,51.2622774,89,
5.1566080,51.2535052,47,
5.1479724,51.2545012,88,
5.1535620,51.2624663,30,
5.1573821,51.2556413,68,
5.1589694,51.2507540,69,
5.1402533,51.2625172,92,
5.1472448,51.2568187,67,
5.1559983,51.2554539,70,
5.1614128,51.2423547,60,
5.1617810,51.2413042,85,
5.1576111,51.2505595,48,
5.1592608,51.2426318,61,
5.1575142,51.2435854,62,
2.6771982,51.1199963,61,
5.2196152,51.1476483,19,
3.9204283,50.7845935,4,
3.8593055,50.7549264,61,
3.9541610,50.8738812,10,
6.1655427,50.1998477,12,
3.9425882,50.7572098,68,
4.0145858,50.7287023,402,
4.0194389,50.7578580,630,
4.0234767,50.7605313,631,
4.0248206,50.7649255,633,
4.0169855,50.7200115,400,
4.0215299,50.7640668,626,
3.9933212,50.7778295,61,
3.4779383,51.1513535,16,
2.7368055,51.1356184,90,
5.1531840,51.2676963,90,
5.1550793,51.2556101,71,
4.4453843,51.0134994,52,
4.4532061,50.9982840,816,
5.1881944,51.2225461,74,
3.9992190,50.9035619,5,
3.9924618,50.9051084,11,
3.9917597,50.7596055,610,
3.9978264,50.7557314,609,
4.0391385,50.7941738,5,
4.0314557,50.8122280,3,
5.0889652,51.3246208,50,
4.8377453,50.9160926,138,
4.8324915,50.9409055,150,
3.7625335,50.8451451,59,
3.7683481,50.8370399,45,
3.7400238,50.6588486,2,
3.7268254,50.6609213,85,
3.9860428,50.8019213,44,
5.0441220,51.3528314,35,
5.0711677,51.3934251,95,
5.0536433,51.3707865,07,
2.6058977,51.1078473,26,
2.6120112,51.0957442,29,
4.9114729,51.3874432,77,
4.9172233,51.3476395,32,
4.2864951,50.9959817,319,
4.2944810,50.9975741,318,
4.3001198,51.0027644,317,
3.2558689,50.7996771,28,
3.2549698,50.7955848,29,
4.6341570,50.7848070,234,
4.6037716,50.7625346,252,
2.7438125,50.7827678,13,
2.7810846,50.7967913,70,
4.6104961,50.7595410,254,
5.0080175,51.3273522,34,
4.9395395,51.3370438,68,
4.8496637,51.3995265,42,
4.8385376,51.4057528,41,
4.8304264,51.3984161,16,
4.7683707,51.3826033,97,
4.5747948,50.7732990,38,
4.5692227,50.7776207,39,
4.6004505,50.7741659,258,
2.8623837,50.8270778,59,
4.8881162,51.4018258,29,
3.9561236,50.7167097,58,
3.9641420,50.7183470,57,
5.0876644,51.2101624,48,
5.3343390,50.9855201,86,
4.6281642,50.7511822,245,
5.0972945,51.2015598,44,
4.2835267,51.0176222,310,
4.2821952,51.0234076,39,
2.7225184,50.8567406,50,
2.7164686,50.8581878,57,
2.7221841,50.8538991,13,
5.1070380,51.2016081,41,
5.0604470,51.2089360,83,
5.0591744,51.2049461,85,
5.0680877,51.2027804,81,
5.0662024,51.2069645,82,
5.0681692,51.2020909,81,
5.0756754,51.2072185,67,
4.5100686,51.4681625,90,
4.5115667,51.4575384,31,
4.5166738,51.4577351,30,
4.5245764,51.4581205,29,
4.5230552,51.4664886,25,
4.5041970,51.4514823,33,
4.4917281,51.4520123,34,
4.4756358,51.4708968,02,
4.4895948,51.4360142,61,
4.4839935,51.4486538,35,
3.4534782,51.1487715,10,
5.4875544,51.2328175,76,
5.1079302,51.1959809,39,
5.4253490,51.1957922,477,
5.4335705,51.1971013,473,
4.3512028,50.9546141,605,
3.6998280,50.8610993,51,
3.9204235,50.7252566,509,Pajottenland
3.9058728,50.7311928,18,Bronbossen
3.9441552,50.7040951,502,
3.9383312,50.7100680,500,
4.4750227,51.3551971,26,
3.9642801,50.7028868,56,
3.9836760,50.7013300,45,
4.0838924,50.7503186,440,
3.5422270,50.7737223,17,
4.6221358,51.3494645,21,
4.6210207,51.3571197,62,
4.6387551,51.3621985,60,
4.6330717,51.3697585,61,
5.1981206,51.1026054,34,
5.2019188,51.0986915,82,
5.1967045,51.0971822,40,
3.7693753,50.8910211,99,
4.9557582,51.2279272,13,
4.9492133,51.2312118,11,
4.9462972,51.2320129,85,
4.9692420,51.2326884,74,
4.9515273,51.2329053,86,
4.0181736,50.8807678,71,
3.9477389,50.9077261,41,
4.0740193,50.8032521,229,
4.1046334,50.8043427,25,
4.0829907,50.8014299,228,
4.1105187,50.7951067,28,
4.0898078,50.8136949,231,
4.1040584,50.8031764,29,
4.0861417,50.7975511,227,
4.0922506,50.7942503,226,
4.1062239,50.7935559,203,
4.1095001,50.7803415,216,
4.0999993,50.7966037,201,
4.1052711,50.7814489,217,
4.1044686,50.7750480,257,
4.0919471,50.7745477,253,
4.1009782,50.7749082,254,
4.0928548,50.7720603,250,
4.0831668,50.7681593,246,
4.1227360,50.7673836,262,
4.1319368,50.7527763,265,
4.1165015,50.7455021,343,
4.0910856,50.8164543,800,
4.0927551,50.8133630,815,
4.0480354,50.7958916,4,
4.6550265,51.3253245,06,
4.6200258,51.2411163,76,
4.6142470,51.2468690,82,
3.4533139,51.1265563,77,
4.6698197,51.2547403,30,
4.6207820,51.2909529,86,
4.6176860,51.2913957,73,
4.6634388,51.2985045,38,
4.6878917,51.3015476,77,
4.5953648,51.2969057,48,
4.6018169,51.3054244,55,
4.6567110,51.2974951,37,
4.6416476,51.3033783,99,
4.6420125,51.3077805,64,
4.6426095,51.3110963,42,
4.6418594,51.3253177,48,
2.9286992,50.8227494,27,
4.3918136,51.0963303,297,
4.6926762,51.3270676,16,
4.1116394,50.8223742,8,
4.7414003,51.2797515,86,
4.1366361,50.8261672,172,
4.7739817,51.2065427,55,
4.7971506,51.2153182,04,
4.7766285,51.2274354,67,
4.7620669,51.2270914,92,
4.7830949,51.1902899,43,
4.7797469,51.1926686,42,
6.1146388,50.6339203,47,
6.0262599,50.2889867,8,
4.8439555,51.2299677,89,
5.4284135,50.9805240,120,
4.8235435,51.2248964,82,
2.7561669,50.7914336,23,
3.6460992,50.7400238,47,
3.6909311,50.7506685,7,Pays des Collinnes
3.7033363,50.7401359,49,
6.0514011,50.6835343,36,
3.5781163,51.2634253,53,
3.0006359,50.8542355,42,
4.5688854,51.2620147,36,
4.6235559,51.2831205,85,
4.0260280,50.7990583,1,
4.1206154,50.8085401,22,
4.1249775,50.8225313,164,
4.1244082,50.8232255,165,
4.4015365,51.0417068,71,
4.0141529,50.7814398,62,
4.0165528,50.7623228,627,
4.0686555,50.7791079,236,
4.0494731,50.7925475,10,
4.1334770,50.8167998,161,
4.1177326,50.8228374,84,
4.5951420,51.2528294,49,
4.5976506,51.2346337,61,
4.6064407,51.2288033,68,
4.5992621,51.2297933,58,
4.6003385,51.2274082,57,
4.6048394,51.2313912,59,
4.4681737,51.0859713,222,
4.0759809,50.8063303,211,
4.1012744,50.7939767,202,
4.5520251,50.7733014,300,
4.6561745,50.8112797,101,
4.6833459,50.8156979,123,
4.6921361,50.8237870,143,
4.6812843,50.8261991,604,
4.6431990,50.8318288,513,
4.6720913,50.8332990,602,
4.4299662,51.0433024,80,
4.4264032,51.0484534,77,
4.4342948,51.0516596,79,
4.0928248,50.7220099,356,
4.1001083,50.7202523,351,
4.1122309,50.7372971,362,
4.1236002,50.7460160,344,
4.8107500,51.3398317,98,
5.4265663,51.1599249,243,
4.7816581,51.2900429,20,
4.4249797,51.0363585,65,
4.4254534,51.0364500,66,
4.5520572,50.7777501,32,
4.6635470,50.8051209,108,
4.6067996,50.7664239,250,
4.5525055,50.7735928,36,
4.6397227,50.7894035,230,
4.6643186,50.8175290,18,
4.6644714,50.8308548,12,
4.6364465,50.8345721,512,
4.6275980,50.8363282,511,
4.6884997,50.8364088,603,
4.7026778,50.8482106,67,
4.7143791,50.8503634,68,
2.8762241,50.8150575,77,
6.0011972,50.7535627,16,
4.4045839,51.0349206,135,
3.2144238,50.8396524,57,
3.4628308,51.1493700,19,
3.4567492,51.1556996,24,
3.4622657,51.1478471,13,
2.8929726,50.8485422,28,
4.4396779,51.0300406,127,
4.4371716,51.0319359,128,
4.4349985,51.0282589,61,
3.4709234,51.1484877,15,
4.7386440,51.1894137,18,
4.7359838,51.1968741,13,
4.7090574,51.1870993,22,
4.4249563,51.0179491,44,
4.4314942,51.0244610,59,
3.2653918,50.8332015,70,
2.7887902,50.8027600,84,
2.8167621,50.7997256,90,
2.8598334,50.7762253,23,
4.1252221,50.8272605,168,
4.1252487,50.8254971,167,
4.1221177,50.8221778,169,
3.4565137,50.8176273,74,
3.4358884,50.8059716,71,
4.4211227,51.0254695,58,
4.0920318,50.7892108,225,
4.1044474,50.8210450,89,
2.7691815,50.7646413,3,
4.4177266,51.0543851,83,
4.3974289,51.0551531,140,
4.3953788,51.0784725,269,
4.4005901,51.0810456,281,
4.7311398,51.2521023,70,
4.0741638,50.7942434,230,
4.2042399,50.7453990,322,
4.1967645,50.7545153,321,
4.1855481,50.8204478,19,
4.1782216,50.8212901,195,
4.1751613,50.8244511,188,
4.2298034,50.8305738,722,
4.1514846,50.8130269,151,
4.1473552,50.8169329,152,
4.1582876,50.8207270,108,
4.6093209,50.8066108,216,
4.3892657,51.0529589,141,
4.3853439,51.0576536,146,
4.2267736,50.8018250,743,
4.2581570,50.8041913,740,
4.2706167,50.8087804,716,
4.2510420,50.8268376,721,
2.7956375,50.7735248,9,
2.7900620,50.7742449,8,
4.6597921,51.2467709,34,
4.4363901,51.0117929,280,
3.4964769,51.1836830,62,
3.4968911,51.1809941,64,
3.4914323,51.1848343,63,
3.5154011,51.1787243,60,
6.3565783,50.4372890,48,
6.2965026,50.4298404,25,
6.2981405,50.4302009,24,
6.3233662,50.4646873,33,
6.2624574,50.4269484,2,
3.4668098,50.8090171,38,
3.4695828,50.8108166,37,
3.4676634,50.8116378,81,
3.4600689,50.8138621,76,
3.4685097,50.8177066,93,
3.4626065,50.8195856,92,
4.5375710,50.9358404,11,
4.4401979,51.0494437,132,
5.5351882,50.9943527,260,
3.9729428,50.8994954,19,
3.4562967,51.1478303,11,
3.4706084,51.1250673,81,
3.4948339,51.1209194,83,
4.8080789,51.1905490,73,
4.7895189,51.2086532,23,
3.6086817,51.1651895,20,
5.0365702,51.1650049,58,
3.6092720,51.1725516,19,
3.6419184,51.1756232,35,
4.2282150,50.8924966,231,
4.9039828,51.1057703,341,
4.9114197,51.0896124,20,
4.9068310,51.0917090,06,
4.9128287,51.0827168,11,
5.1680619,51.1709190,36,
5.2055140,51.1907119,52,
5.2439340,51.2263467,12,
5.3137015,51.2284853,87,
3.6393161,51.1695858,23,
4.8690622,51.2559147,59,
3.1608174,50.8401663,12,
3.4756485,51.2333563,3,
3.4780524,51.2315193,4,
4.3077732,50.9257555,503,
3.0354748,50.8053140,35,
4.9188122,50.9933358,260,
4.9333823,51.0027691,207,
3.2598063,51.3451249,28,
3.3246317,51.0964452,46,
3.3098127,51.1115914,19,
3.3270348,51.0970231,45,
3.3264556,51.0989406,44,
3.3170150,51.1160246,17,
3.3147602,51.1178506,14,
3.3201666,51.0890574,48,
3.3261269,51.0877535,49,
3.3193908,51.0942731,47,
5.0684658,51.1509268,34,
4.8689620,51.1904108,55,
4.5954321,50.9283074,807,
2.8715151,50.9839248,2,
6.0472241,50.3239692,96,
6.1037134,50.6657928,24,
4.9883472,51.3610799,48,
4.1315997,50.8228083,174,
4.1249799,50.8213458,166,
4.1662667,50.8240995,189,
4.1144305,50.8230987,85,
2.6060310,51.0874702,20,
2.6129369,51.0933435,21,
3.2572143,51.1570984,73,
4.7584604,50.9299807,103,
4.8822414,51.0589034,288,
5.0233574,50.9597970,329,
3.3325668,51.3583495,09,
3.3328680,51.3619074,10,
5.0939541,50.9055602,436,
4.8664023,51.2532204,61,
4.8622741,51.2671644,68,
6.0351523,50.3135794,50,
4.8610420,51.2465925,53,
4.8530346,51.2613738,71,
3.3243258,51.1268787,95,
3.2758700,51.0989152,3,
3.3145535,51.1024350,32,
3.3167458,51.1006895,31,
3.3138295,51.0997771,30,
3.3149578,51.1027881,33,
3.6201813,51.1633897,21,
4.9469166,51.2563732,95,
5.3763731,50.9814857,115,
5.3976580,51.0051331,147,
4.9245772,51.2473587,47,
3.9628931,51.0396580,3,
4.8938722,51.2469664,45,
4.8440845,51.1956994,10,
4.9374800,50.9957299,128,
4.8537848,51.1852523,33,
4.8659637,51.1895993,56,
4.0197030,51.0091587,57,
4.0349257,51.0168717,61,
4.0266102,51.0204844,60,
4.0399178,51.0259515,62,
5.5338442,51.2418511,124,
5.5075459,51.2343899,151,
5.5153850,51.2319735,152,
5.4987151,51.2287491,72,
4.0104826,51.0056805,55,
3.9589063,51.0404289,80,
3.9990179,51.0511301,10,
4.7819182,51.2186285,3,
3.9669020,50.9650287,86,
4.9917494,51.0052730,374,
3.4875088,51.1543358,36,
4.8620180,51.3929474,64,
4.8224914,50.9400703,148,
5.0782146,50.8565800,322,
4.8671333,51.3575622,23,
5.6017266,51.1232769,272,
4.1842167,50.7742521,75,
3.7527588,50.8659280,78,
4.2633122,51.0068549,302,
4.1886518,51.0602444,74,
4.1433803,50.7540328,340,
3.7631414,50.8584831,69,
3.7749770,50.8596020,67,
3.7383263,50.9018792,79,
3.8145723,50.9065509,16,
5.0556934,51.2466908,42,
5.7629909,50.7581877,24,
3.3920390,51.1166475,86,
5.0628364,51.1214834,41,
4.9964889,51.1386174,68,
5.2139351,51.1243895,6,
4.8424954,51.3347963,42,
5.1357920,51.1507262,83,
5.1344706,51.1514229,14,
5.3438327,50.9748092,88,
5.2934154,50.9639947,48,
5.3160041,50.9724740,94,
4.2789069,51.1067794,14,
5.0540678,51.2418731,94,
6.1055852,50.3601213,91,
6.1072975,50.3514265,95,
6.1089161,50.3558140,68,
4.4783820,51.4094925,77,
4.6232994,50.7595562,247,
4.6183593,50.8040892,220,
4.7824225,51.4045435,53,
4.5356374,50.9347734,12,
5.0022299,51.1280932,63,
5.0130580,51.0223567,249,
5.0356137,51.0134710,933,
4.9370786,51.0532427,37,De Merode
4.9411695,51.0539526,38,
4.9341042,51.0566688,35,De Merode
4.9332267,51.0577961,418,
4.9310108,51.0587511,386,
4.9210731,51.0524045,133,
4.9126455,51.0589024,114,
4.0222652,51.0092783,27,
3.7985552,50.8399802,51,
3.3682440,50.7512613,94,
3.4658195,50.8042047,49,
4.3667003,51.0248902,13,
4.3626758,51.0194058,02,
5.2936327,51.1943108,145,
5.3011350,51.1995310,139,
5.2951345,51.1947460,146,
5.2970570,51.2089031,133,
5.2949037,51.1981091,136,
5.2917816,51.2018415,135,
5.1938705,51.0870228,57,
5.2021521,51.1088783,50,
5.2061532,51.1113411,12,
5.2003883,51.1073199,13,
5.1992945,51.1118380,15,
5.2071661,51.1161569,9,
5.2069294,51.1175191,3,
5.3277324,51.2603398,55,
5.3702791,51.2625640,65,
5.3628451,51.2640693,63,
5.4899990,51.2918995,106,
5.0368005,51.1163347,60,
2.8234272,50.7357730,15,
5.0592069,51.1235748,42,
2.5794918,51.0870096,7,
2.6939839,51.1303177,68,
3.8840767,50.9401872,31,
3.8852819,50.9422371,30,
6.0068970,50.6906156,41,
6.0329920,50.6910364,77,
6.0313508,50.6945263,87,
5.0789155,51.1357398,85,
3.5117181,51.1433412,88,
3.6572854,50.8780631,16,
5.0959587,51.1016930,03,
3.6129998,51.1893539,30,
3.6484399,51.1982860,38,
3.5213019,51.2413263,11,
4.9018230,50.9713050,728,
5.1029688,51.1954354,40,
5.1202545,51.1304699,57,
5.1463435,51.1520840,12,
2.6012609,51.0902750,19,
3.9971834,50.8792377,78,
2.6958680,51.1295448,69,
3.0212415,50.8768211,99,
3.8557986,50.8909405,55,
3.8867470,50.8809605,60,
5.1357939,51.1662969,05,
2.9416638,51.2242018,62,
3.3404725,51.1270350,22,
4.1506463,51.0053871,36,
4.3864061,51.3507281,3,
3.7512885,50.8749182,95,
4.3982577,51.3403693,74,
3.7604123,50.8802940,96,
3.7761422,50.8855457,97,
3.7606453,50.8798718,96,
3.2706359,51.1029043,2,
4.4488111,51.3766022,11,
3.7082003,50.8834745,7,
3.7643765,50.8976919,71,
2.8413135,50.9745104,45,
6.1258074,50.1501019,14,
6.1121297,50.1366200,18,
3.6813996,50.8514949,40,
3.6857214,50.8436897,41,
4.5579968,50.7799758,34,
3.3693941,50.9760693,29,
3.3147246,51.1578860,83,
4.6397738,50.9708507,516,
4.8289331,51.2967343,06,
4.8268657,51.3041030,07,
3.0781242,51.1695639,51,
3.4123197,50.9655676,18,
5.0549307,51.1948952,87,
4.4422899,51.3430228,28,
6.0476869,50.6754477,34,
4.3672728,51.3556798,61,
4.3703199,51.3532016,62,
4.4146927,51.3911330,26,
4.0667261,50.9817413,89,
4.0290542,51.0237418,63,
4.0243499,51.0249378,39,
3.9995022,51.0323501,14,
3.9853107,51.0403861,8,
3.9883606,51.0413568,13,
6.1494301,50.1964700,49,
6.1349443,50.1973540,3,
4.8880912,51.2823061,40,
6.0943575,50.2024363,57,
6.1441443,50.2102550,4,
6.1486838,50.2221566,7,
6.1472136,50.2499178,59,
6.1478280,50.2504395,46,
6.1456095,50.2569749,55,
6.1245717,50.2825865,92,
6.1886694,50.2960726,88,
6.1929635,50.3142042,73,
6.1393447,50.3202071,78,
6.2174377,50.3254160,54,
6.2044706,50.3279521,60,
6.2321175,50.3314611,35,
6.0374935,50.3327632,14,
4.4761991,50.9265435,31,
5.3501633,51.2048114,115,
5.3429633,51.2106193,96,
5.3405366,51.2080419,97,
5.3023447,51.1994161,141,
5.3503091,51.2467192,81,
5.3671745,51.2508837,71,
5.3449684,51.2570965,61,
6.1358365,50.1403458,17,
6.1386453,50.1411520,20,
6.1734361,50.2253932,6,
6.1733393,50.2338811,58,
6.1737630,50.2340627,57,
6.1059466,50.6062412,25,
6.0912650,50.6199325,39,
6.1205070,50.6382400,26,
6.1650239,50.5295125,12,
6.1861652,50.5985155,74,
4.1293388,50.9619289,16,
4.1181900,50.9361180,39,
4.1633224,50.9738336,77,
4.0610526,50.9388979,30,
4.0763446,50.9703908,92,
4.6283918,50.7593453,240,
4.4910640,51.2590928,72,
2.7329904,51.1530484,06,
4.2270318,50.9306755,202,
4.2097787,50.9142583,208,
5.2779381,51.2401594,04,
5.2699688,51.2494999,01,
3.7165227,51.2593687,53,
4.3957060,51.0289537,257,
4.3811312,51.0329994,138,
4.4027503,51.0334855,136,
4.4362796,51.0362547,64,
4.1897178,50.9663353,708,
4.3781654,51.0224217,07,
3.0485178,51.2866359,52,
4.7182512,51.2533926,63,
4.7223649,51.2582116,57,
4.7120306,51.2709688,50,
5.0673769,51.4486520,27,
5.0606531,51.4524303,26,
5.0539988,51.4585966,09,
5.0762139,51.4588641,11,
5.0518714,51.4622638,08,
5.0780306,51.4678761,06,
5.0766295,51.4703900,96,
5.0492301,51.4705178,97,
5.8078108,51.1076479,20,
3.3111751,50.7974757,74,
3.3073634,50.7991894,80,
3.3106440,50.8020079,89,
3.3253387,50.8069351,1,
3.3041908,50.8088347,92,
5.3092753,51.2112877,131,
3.9501949,50.8886389,33,
5.3651607,51.0034196,74,
3.7809036,50.7494409,39,
3.7775856,50.7569462,94,
3.8033504,50.7666084,83,
4.0087390,50.8905826,86,
4.0007775,50.8869542,84,
5.3669074,50.9911905,150,
5.4151198,51.0005303,35,
5.4143835,51.0023102,34,
3.9639979,50.9084931,38,
3.9624537,50.9128465,40,
5.1013411,51.2634276,125,
5.0651179,51.2105730,64,
5.0674104,51.2164164,55,
5.0673946,51.2107765,65,
5.0607568,51.2101813,62,
5.0532702,51.2138510,1,
5.0542453,51.2044873,54,
4.9592765,51.0342358,101,
4.9540662,51.0342961,102,
4.9311800,51.0414222,271,
4.9615270,51.0414512,322,
4.0089635,50.9461377,88,
4.2830499,51.0489132,130,
3.3755921,51.1260511,87,
3.5280993,50.7687219,43,
3.1145134,51.1544679,29,
3.5840909,50.7609159,87,
3.5439315,50.7915555,99,
3.5490451,50.7928135,31,
3.5410800,50.7964939,54,
3.5583352,50.8059111,30,
3.5723339,50.8127569,28,
5.1524308,51.2221409,18,
5.1521849,51.2142743,26,
5.1404402,51.2299726,05,
5.1629071,51.2332467,80,
3.4858233,50.7523279,40,
5.0612573,51.1630655,54,
3.4914040,50.8162299,23,
3.4842652,50.8155692,25,
3.9137970,50.7396998,21,
3.9926337,50.7621435,622,
4.2055014,50.9947293,56,
4.1679690,50.9497893,713,
3.2903546,51.1167307,4,
3.2840700,51.1133528,9,
3.3000671,51.1077984,10,
5.1165113,51.2067314,36,
4.9606283,51.0254043,384,
4.9655240,51.0267840,107,
4.9668844,51.0291256,292,
4.9634068,51.0323846,104,
4.9579517,51.0328705,285,
4.9670710,51.0332100,91,
5.5853353,50.9256684,104,
2.5774534,51.0998035,17,
2.6074467,51.1058520,27,
5.6511991,50.9062205,72,
5.6401091,50.9067591,78,
5.6476148,50.9110132,70,
5.6200965,50.9341333,58,
4.9232811,51.0675628,30,
4.8870858,51.0466928,354,
4.8867452,51.0473472,353,
4.8588622,51.0592754,15,
5.1910975,51.2397286,42,
3.4208642,50.9170459,9,
3.4303259,50.9487586,48,
5.1885679,51.2297840,51,
5.2152586,51.2315806,59,
5.2149813,51.2264864,60,
4.0615388,51.2445001,70,
5.4399995,51.1484486,321,
5.4319612,51.1370512,310,
5.4338270,51.1352220,313,
5.4293125,51.1383104,314,
5.1624898,51.2341960,81,
4.2792460,51.0505479,10,
6.2349574,50.2979360,8,
6.2179009,50.3065132,72,
5.2843822,51.2402957,08,
4.9068304,51.1178612,379,
4.1724050,50.9426783,717,
4.1580307,50.9031576,246,
4.8570789,51.2931841,99,
4.8630844,51.2955972,02,
4.2258048,50.9341507,201,
3.4617924,50.8068020,48,
3.4279387,50.8156008,65,
4.1533997,50.9205416,25,
4.4613543,51.3636938,20,
4.2794261,51.0195209,309,
4.7853830,51.4075016,54,
4.7954605,51.4051546,29,
4.7938766,51.4059377,28,
4.7873419,51.4040502,55,
4.8811457,51.2834763,43,
4.5796491,50.9211114,109,
4.8097894,51.2294510,08,
4.8008781,51.2460648,54,
4.8193012,51.2189759,29,
3.3721180,50.7462600,96,
3.2293485,50.8274201,91,
5.4093537,51.0851800,57,
5.4168258,51.0833054,56,
5.2901553,51.2456211,32,
3.4013722,51.1097407,21,
4.9360591,51.0544070,119,De Merode
3.4057286,51.0771778,2,
5.1460244,51.2408457,24,
4.9900040,51.0322309,87,
4.9870199,51.0360889,86,
5.0052247,51.0369877,99,
4.9884766,51.0370783,75,
5.0018284,51.0394547,274,
4.9894256,51.0407655,206,
4.9930054,51.0429048,205,
4.9993578,51.0442888,70,
3.9950916,51.0470497,12,
3.9976752,51.0497490,11,
4.9045577,51.1098195,67,
4.7999618,51.2371166,59,
3.3493076,51.0817783,68,
3.6027728,50.7492271,62,
5.0011120,51.0452907,70,
4.9969884,51.0543440,362,
4.9861650,51.0366625,85,
4.9953697,51.0419840,73,
5.0551535,50.8681602,328,
4.0373019,50.7006767,421,
3.9912241,50.7065126,40,
3.9777466,50.7111187,41,
4.0149744,50.7406466,643,
4.1100209,50.8164479,82,
4.0805717,50.8201027,810,
5.0487460,50.8273504,130,
5.1281000,50.8453581,306,
5.1301282,50.8369850,345,
5.1345465,50.8426706,344,
5.1186894,50.8348504,308,
2.8558986,50.7647258,22,
2.8129128,50.7823417,98,
2.8781717,50.8224732,43,
2.8474605,50.8185885,57,
2.8392074,50.8146103,55,
3.0346275,50.8244274,3,
2.8609215,50.7759342,37,
2.8703706,50.7745612,38,
2.8740393,50.7720505,40,
2.8842490,50.7819513,35,
2.8825352,50.7870904,34,
2.8701277,50.7877398,28,
2.8724511,50.7873716,33,
2.8741480,50.7912604,31,
2.7438176,50.9147380,40,
2.9238647,50.8152326,48,
6.0156920,50.6673152,72,
4.3867767,51.0105870,22,
3.4499785,50.9424275,60,
3.3278039,51.0815074,50,
3.3360337,51.0853096,61,
2.8087708,50.7773562,73,
4.7944873,50.9708237,714,
6.0839542,50.6263775,9,
5.1109206,51.0214112,920,
5.1037755,51.0199369,919,
5.1047110,51.0336393,929,
5.0873070,51.0092861,909,
4.5598689,50.9693978,203,
3.4180838,50.9608321,44,
3.4226479,50.9618556,42,
3.4134068,50.9637776,20,
3.4137586,50.9638030,21,
3.4194231,50.9639950,26,
4.6149400,50.9923984,92,
4.0486404,50.7828944,234,
4.8324489,51.2156477,64,
4.8327056,51.2182852,78,
4.8546415,51.2148193,73,
4.8423998,51.2165675,76,
4.4323774,51.0068202,30,
4.8301152,51.1824402,06,
6.2553467,50.2660301,2,
3.3676877,51.0753350,70,
3.3792932,51.0777441,72,
3.3781234,51.0778989,25,
3.3697518,51.0796530,69,
3.3655171,51.0715287,21,
3.3715484,51.0730973,71,
3.3568815,51.0698816,37,
3.3368802,51.0700852,55,
4.0324763,50.7588253,632,
4.0331839,50.7585114,632,
4.2064648,50.7392923,384,
6.2296851,50.2835366,10,
5.1198907,51.2004335,33,
4.7732446,51.2118321,56,
5.1194920,51.2034259,35,
5.1253203,51.2062585,31,
6.2305270,50.2758369,25,
6.2303291,50.2757966,24,
6.2456437,50.2737464,28,
6.2497885,50.2843945,16,
4.1035188,50.8219271,87,
6.2501538,50.3135932,51,
6.2443704,50.2860958,7,
3.5637873,50.7969034,35,
3.5611026,50.8076856,29,
2.7547479,51.1359494,01,
2.7549814,51.1188507,8,
2.7523058,51.1340999,88,
4.3886549,51.4130035,30,
4.4193010,51.4178116,29,
6.0399964,50.6251732,57,
3.7382013,50.8366552,74,Zwalmvallei
4.7651309,50.9322462,104,
4.0801855,50.8188971,812,
4.0759470,50.8250045,809,
4.0837796,50.8267316,803,
4.0811491,50.8296779,806,
4.5494395,50.9287206,105,
2.9944872,50.8325695,8,
2.9616122,50.8309595,41,
5.2978931,51.2559130,58,
5.2840446,51.2556140,66,
5.2591505,51.2490938,05,
6.0492802,50.2945467,16,
6.0361186,50.2868132,51,
6.0325098,50.2777417,77,
6.0326742,50.2903784,9,
4.9042742,51.1078292,380,
3.3612486,50.7459737,74,
6.0480609,50.3226197,36,
6.0613336,50.3220324,80,
6.0511496,50.3176172,49,
4.7837666,50.9444772,67,
6.0167385,50.3004943,4,
3.3081162,51.1609461,76,
3.3005866,51.1616445,75,
3.9440090,50.8799992,21,
5.0266255,51.3073885,16,
5.0295318,51.3029292,08,
5.1162429,51.3613456,10,
6.1035255,50.3424477,99,
5.1335342,51.2137698,27,
6.1435653,50.3505396,19,
6.1611186,50.3635638,17,
6.1747842,50.3636824,12,
6.1337015,50.3278888,89,
6.1378858,50.3362126,86,
6.1129734,50.3539428,85,
3.2951808,51.1980615,18,
3.2523781,51.1802092,34,
3.0964744,50.8505956,88,
3.0948829,50.8496137,90,
3.0958098,50.8514998,87,
3.0976711,50.8487516,89,
3.4605859,50.8211144,58,
3.4381061,50.8320150,21,
2.6560065,51.1298956,57,
2.6435852,51.1255997,56,
2.6956877,51.1390026,72,
3.4666753,50.8147521,86,
3.4589615,50.8194095,59,
3.4419187,50.8185539,61,
4.7393759,51.1374850,11,
4.1551736,50.9494750,33,
4.1514556,50.9465973,34,
4.1261013,50.9300620,43,
4.0893671,50.9397092,7,
4.9652285,51.2331509,16,
5.0528074,51.1882813,90,
5.0520155,51.1896633,89,
5.0561138,51.3740353,89,
4.9354040,51.3563873,52,
4.9300184,51.3561657,51,
4.9213863,51.3574133,93,
4.9283159,51.3717978,96,
5.0884295,51.2029302,73,
5.0823726,51.2031098,70,
5.0787551,51.2044195,68,
5.0743408,51.2039227,78,
5.0690623,51.2025052,80,
5.0739440,51.1993507,77,
5.0917248,51.2035335,47,
3.2913708,51.1672160,66,
3.2950053,51.1700045,64,
4.8040032,50.9410373,146,
3.6942809,50.8562806,47,
5.0701844,51.1554179,33,
5.0760868,51.1561559,31,
3.6138653,51.1823528,29,
3.6525879,51.1755520,44,
3.2491114,50.7896092,36,
3.2602024,50.7879313,30,
3.3631286,50.7334005,70,
6.0405210,50.6869883,30,
4.8208302,50.9419408,149,
4.8106217,50.9408598,147,
3.0192462,50.8123217,45,
3.0180557,50.8143438,44,
3.0093082,50.8216316,21,
4.1754211,50.8140075,191,
3.2621204,51.2008845,12,
2.6357533,51.1093011,41,
2.6332233,51.1207304,47,
2.6336038,51.1086568,42,
3.0027890,50.8124868,48,
3.0162543,50.8091430,46,
3.0125445,50.8178527,49,
4.4193979,51.0930590,237,
3.5001665,50.8352070,46,
3.5024272,50.8369373,41,
3.5058896,50.8351749,42,
2.8446113,50.9505058,55,
5.1175299,51.1980267,37,
4.9376579,50.9546249,215,
4.9135904,50.9408688,27,
4.9000002,50.9490525,220,
4.8818891,51.0413839,71,
4.8866852,51.0475076,353,
4.8773077,51.0741789,390,
5.3899502,51.0534993,128,
5.3839747,51.0548735,130,
4.1990812,50.7808233,71,
3.9672310,50.8803132,96,
3.9639378,50.8792102,97,
3.9676191,50.8877696,13,
5.1741490,51.1679406,35,
3.9581091,50.9157784,42,
3.4387676,50.9311677,22,
6.2182096,50.3639589,25,
6.2229375,50.3606936,26,
3.7833657,50.8427711,49,
5.0330112,51.2218077,6,
2.8127037,50.7387012,40,
2.8127845,50.7391712,40,
2.6266772,51.1106058,45,
2.6292125,51.1089471,43,
2.6281238,51.1097200,44,
2.6291826,51.1068639,37,
2.6228233,51.1041577,35,
2.6115364,51.1119320,31,
5.1349391,51.1587135,08,
5.1799394,51.1355482,66,
4.2525519,51.0586529,113,
4.9839116,51.2133848,50,
4.9715749,51.0368883,279,
4.9652537,50.9258229,305,
3.2583904,51.1374217,57,
4.7428451,51.2250938,81,
4.7324147,51.2196338,73,
4.7404475,51.2244476,80,
4.7498614,51.2183825,87,
4.7321253,51.2190159,73,
4.7446397,51.2185942,75,
4.7387425,51.2196538,74,
4.7248491,51.2068440,71,
3.4504824,50.9715464,50,
5.2793201,51.1890273,149,
5.1436941,51.1412510,80,
3.4139919,50.9551086,45,
3.4159242,50.9528335,46,
3.3926500,50.9528437,57,
3.3943681,50.9410070,62,
3.9231323,51.0363550,25,
3.9384538,50.9309643,49,
5.4192195,51.1924589,466,
5.4182068,51.1945127,438,
6.0367464,50.3472121,31,
6.1544211,50.2782876,32,
3.5077619,50.7468844,47,
4.0648773,50.9102199,38,
4.0688725,50.8981284,43,
4.2103970,50.7551373,388,
4.9421213,51.2527375,50,
4.9382656,51.2540907,49,
4.9382178,51.2560384,48,
4.9894230,51.0062648,246,
4.7836249,51.1849739,98,
4.9920410,50.9637791,333,
6.1992434,50.3204176,71,
6.1968509,50.3186981,64,
6.1964680,50.3323738,55,
5.0838891,51.1309989,73,
4.4904644,50.9238753,33,
3.2724112,50.7774617,24,
3.2536977,50.7970632,21,
6.2502790,50.2903389,17,
6.2115665,50.3449151,69,
4.8059295,50.9481686,164,
6.2672908,50.3383501,34,
6.2373895,50.3526242,76,
6.2644049,50.3580228,33,
6.2825914,50.3261970,96,
4.5883950,51.1283292,39,
4.1058138,50.9113274,101,
6.0477190,50.3371022,97,
3.6095566,50.8276476,63,
6.0811392,50.2438917,21,
6.0677007,50.2411968,71,
4.8881706,51.2452943,44,
4.8689356,51.2446338,52,
4.8600213,51.2394116,50,
3.9637086,50.9216204,52,
3.2725099,51.1846784,43,
6.1979477,50.4521749,31,
5.3788219,51.2392038,64,
4.1830463,50.9521938,714,
4.4978811,51.4760052,40,
2.5825212,51.0844574,9,
4.5479749,50.9526836,128,
6.2684660,50.3261430,58,
4.2104556,50.8253643,724,
3.9768412,50.9564754,85,
3.9935398,50.9585779,91,
3.9556520,50.9629160,79,
3.9558505,50.9521262,69,
3.9802904,50.9456460,78,
3.2045766,50.8075051,33,
3.4075088,50.8365861,3,
3.4285484,50.8207311,11,
3.4346475,50.8189651,63,
3.9828627,51.1949713,38,
3.9878736,51.2023462,41,
4.0181571,51.2254289,44,
3.3179249,50.7570343,47,
3.3631378,50.7517232,93,
3.4049020,50.8400545,1,
5.0008998,51.2149030,53,
4.1665583,50.8203946,109,
4.6331387,51.1600633,53,
4.2704326,51.0146767,306,
4.2741761,51.0183622,308,
4.1780461,50.9071549,239,
4.1643280,50.9122725,244,
4.1637519,50.9159039,23,
4.1605018,50.9337172,71,
4.1597508,50.9342378,71,
4.5191733,50.9404809,14,
4.5225766,50.9417979,13,
4.4642705,50.9776681,824,
4.0763739,50.7744599,243,
4.1174488,50.7826329,215,
4.1107331,50.7888400,221,
4.1219316,50.7918976,206,
4.1450000,50.8018483,143,
4.1563017,50.8021002,141,
4.1842061,50.8085393,104,
4.2095551,50.8279629,747,
3.9991136,50.7693952,623,
4.2018508,51.0594478,78,
4.2323691,51.0612278,104,
4.8080847,50.9617090,701,
3.2503067,51.1835053,27,
4.1694566,50.8094517,101,
4.9885006,51.1679256,60,
4.9992540,51.1365800,70,
5.0450276,51.1918848,93,
5.0527324,51.2454846,43,
5.0730774,51.2597648,140,
5.0809860,51.2690431,111,
5.0539325,51.2885230,142,
5.0494442,51.3045557,03,
5.0394945,51.3046706,05,
5.1380012,51.2297030,04,
5.0570300,51.1265771,08,
5.0548879,51.1282870,09,
5.0581695,51.1200858,40,
5.0769197,51.1142500,17,
5.0749924,51.1222385,45,
5.0784173,51.1318664,78,
5.1040417,51.1122081,6,
5.1038662,51.1122144,6,
5.1023386,51.1124116,5,
5.0962381,51.1153399,9,
5.1120642,51.1165224,96,
5.1017602,51.1171307,8,
5.1017542,51.1179437,52,
5.1301232,51.1215890,88,
5.0675733,51.1299699,83,
5.0738623,51.1318838,84,
6.2124404,50.4359544,57,
3.4868609,50.7714758,3,
3.7719218,50.7621149,98,
5.1559697,50.8906125,418,
5.1604269,50.8912001,431,
5.1559967,50.8912459,419,
5.1618089,50.8923703,432,
5.1225322,50.8334578,347,
5.1182449,50.8333395,309,
3.2720200,50.8516585,79,
6.1089118,50.6629427,99,
3.9440263,51.0351279,82,
6.1273855,50.6730040,31,
6.1221872,50.6707932,79,
5.0990766,50.9937239,900,
5.0870546,50.9919305,99,
4.1157416,50.9033391,107,
6.1126420,50.6645166,39,
6.1085514,50.3814664,45,
4.2817343,50.9113955,217,
4.8747934,50.9253191,241,
4.8746101,50.9262189,242,
4.8826695,50.9276473,244,
4.4051548,51.0779458,124,
4.0637934,50.9628881,96,
4.0685148,50.9740437,93,
5.0184659,51.0350812,319,
4.4930241,51.2650217,70,
4.4995605,51.2658562,71,
5.0184694,51.0353385,82,
5.0193325,51.0435302,321,
2.9812318,51.2581330,58,
4.0207611,51.0284923,38,
4.0581019,50.7596214,638,
3.9993886,51.0239210,22,
3.9684649,51.0209674,6,
3.9874307,51.0239217,15,
3.9873309,51.0240837,15,
4.0327652,51.0370459,36,
4.0447060,51.0410420,67,
4.0057534,51.0424284,29,
4.0048630,51.0494822,32,
4.9787483,50.9804676,244,
4.9787947,50.9802773,244,
3.9562503,51.0161736,88,
3.9377804,51.0165746,96,
3.9603234,51.0167161,86,
3.9382084,51.0184435,98,
3.9450506,51.0222241,91,
3.9646993,51.0274725,4,
3.9650186,50.7892751,54,
3.9641693,50.7930071,39,
3.9456270,50.7958459,97,
4.0778035,50.9655284,91,
3.1241754,51.1734441,38,
5.3107952,51.0312610,10,
5.3107856,51.0300682,13,
4.2494478,51.3217512,25,
3.9243778,51.1512207,47,
4.0654220,50.8777485,57,
4.0725609,50.8825832,49,
3.9047679,50.7633030,9,
3.9387839,50.7703029,30,Bronbossen
3.9418026,50.7715233,619,Pajottenland
3.9081482,50.7762425,6,
3.9339142,50.7823301,29,
4.9647948,51.2660371,51,
4.9564639,51.2444806,78,
4.9802747,50.9960176,136,
3.8198430,50.8036905,55,
4.0042687,50.7650095,628,
4.1535780,50.8225089,182,
4.0451515,50.9914094,18,
4.5557139,51.2435528,01,
4.5754220,50.7830409,313,
4.1596946,50.7486725,334,
4.1449367,50.7532744,339,
4.1456084,50.7425838,333,
4.1435942,50.7716311,303,
4.0160430,50.9136796,1,
2.8117167,50.7415218,39,
5.0185333,50.9919292,51,
5.0878980,51.0032507,905,
5.0390195,51.0166587,310,
5.0441170,51.0183355,46,
5.0372889,51.0195001,309,
5.0489019,51.0200547,931,
5.0421376,51.0203230,932,
3.3303752,51.0898615,60,
6.0546966,50.3088488,29,
6.0473122,50.3219429,69,
6.0542254,50.3526068,45,
6.0346489,50.3526395,25,
5.8027239,51.1038003,23,
6.0995631,50.3728493,83,
4.4284614,51.4360846,49,
5.7670479,51.0613487,47,
5.7709674,51.0652479,53,
5.7656785,51.0675490,43,
5.5984419,51.0315139,326,
6.0890601,50.2290619,28,
5.5948003,51.0840320,205,
5.5095853,51.1312895,232,
5.2912775,50.9985366,99,
4.9248377,50.9424120,247,
4.9315043,50.9434419,217,
6.1272731,50.6777257,14,
6.1110243,50.6702740,19,
6.1320744,50.1466019,25,
5.5585120,50.9252954,108,
5.2699818,51.0109299,62,
5.2767898,51.0163249,28,
5.2910702,51.1920943,144,
5.2910124,51.1892195,143,
5.1057421,51.0402035,938,
3.3570631,50.7181680,66,
4.9165116,50.9265481,204,
3.9522061,50.7404440,64,Pajottenland
3.4180771,50.9269791,11,
2.8988650,50.8479128,36,
2.8973179,50.8481476,31,
4.1330179,50.8058096,14,
4.8643149,51.2057955,01,
3.4116324,50.9311006,87,
3.4016522,50.9365313,85,
6.0759109,50.2310266,27,
6.0968417,50.2391423,18,
4.5982280,50.7930643,26,
3.9889537,50.9351428,72,
4.9631254,50.8306789,281,
3.3361275,51.1698036,79,
4.4468176,51.3474620,24,
4.4370417,51.3482983,52,
4.4441124,51.3485915,50,
4.4393993,51.3504982,51,
3.3780000,50.9139593,89,
5.0987510,51.1530953,27,
4.9480287,51.0983639,368,
4.5515481,50.8121787,405,
3.3248178,51.3562147,14,
4.0165539,51.1749580,24,
4.0220556,51.1769379,29,
4.0142895,51.1792680,26,
4.0151869,51.1776417,25,
3.9017191,51.0101632,7,
5.0839831,51.1335218,69,
3.7309717,50.9042259,82,
5.1061812,51.0831232,72,
4.9592950,51.0325430,286,
4.6236012,50.7528936,246,
5.0936116,51.0884663,372,
5.1234976,51.0832895,68,
5.1246242,51.0810233,67,
4.9798213,51.0098403,60,
3.9823068,51.0283284,7,
4.2507293,50.8019871,739,
4.1312024,50.7796117,20,
4.1339289,50.7859854,210,
3.2534055,50.8291337,64,
4.0587362,50.9765691,12,
3.2871232,51.1861241,39,
4.9735072,51.2439338,76,
4.0140046,50.9687757,99,
3.4194633,50.8043175,69,
3.4208312,50.8093430,68,
5.1264296,51.0082599,38,
6.1386794,50.2680371,41,
6.1405795,50.2685454,33,
3.9301114,51.0253955,24,
5.0024852,50.8368222,204,
6.3038560,50.3338412,98,
6.2914832,50.3245006,97,
6.3162904,50.3346664,32,
6.2964301,50.3288996,93,
3.9690391,51.0285430,10,
3.1350080,51.1399419,14,
6.3136981,50.3408212,34,
6.1558535,50.3774505,10,
6.1888181,50.3707415,15,
5.2763299,51.2227028,19,
5.2739680,51.2243684,21,
5.2757197,51.2274654,20,
4.6335155,51.2792657,60,
4.6314981,51.2643019,64,
2.9367686,50.8427471,72,
3.1373309,51.1739593,37,
3.1230653,51.1690837,36,
5.4313362,50.9836698,113,
4.9673318,51.2408552,77,
5.1269435,51.0297559,924,
2.7776171,50.7698839,69,
2.7744582,50.7709659,67,
2.7770442,50.7716648,57,
4.1693916,51.0838470,144,
3.7491797,50.7060901,64,
4.7114441,51.4212881,76,
4.1550878,50.9209263,24,
5.2856965,51.0270745,22,
2.8168320,50.7833425,97,
2.8190238,50.7833249,71,
3.9097318,51.1885420,53,
3.8911793,51.1788132,54,
3.9276875,51.1894059,7,
3.9243473,51.1966239,8,
3.9004814,50.9539578,34,
3.7551802,50.6581841,4,
4.3871918,51.0562194,190,
5.3790042,51.2396242,73,
5.3409313,50.9608629,95,
5.1941003,51.0976110,38,
2.7498403,50.9387896,25,
2.7168391,50.9275745,43,
5.2043450,51.1756789,26,
4.9384669,51.1147514,348,
3.3735871,50.9122227,98,
3.7839883,50.8044139,22,
3.7852608,50.8025815,21,
4.8406870,51.3908047,30,
4.0138530,51.1916417,32,
4.0074859,51.2020845,42,
3.4718317,51.2386407,2,
4.8349073,51.4019660,19,
3.9950911,51.1896658,36,
4.6282521,51.2272985,79,
2.8841299,50.7565667,48,
3.8880017,51.1778195,55,
3.9237413,51.1795300,2,
5.3221845,51.0028191,82,
6.1753495,50.6459723,32,
3.4599279,51.1852358,43,
3.4936402,50.7735148,4,
4.7701321,50.9506917,63,
4.7670940,50.9524235,61,
5.1678366,50.9756436,16,
4.5250254,51.4676540,24,
4.5320977,51.4714876,16,
3.4534032,51.1643579,30,
3.4701740,51.1466452,14,
5.0377786,51.1447460,21,
4.1287508,51.2449306,92,
4.6703305,50.8614822,612,
5.0758039,51.1376921,86,
5.0643131,51.1499134,35,
6.0124814,50.6184314,72,
4.1287052,51.2511319,93,
3.6240947,50.7790648,56,
4.4217607,51.0888685,247,
3.3914721,50.8337890,98,
4.1190370,51.2480896,87,
3.0473036,50.8096264,27,
3.0765987,50.8107101,30,
4.8327445,51.4090713,04,
2.9646154,50.8125295,88,
3.9559967,50.9146360,43,
4.7300263,51.1249804,91,
2.8433897,50.9204021,69,
2.8437150,50.9197693,68,
2.8271965,50.9500835,74,
4.1421287,50.9568889,30,
4.7380024,51.0771157,12,
5.0957568,51.0382690,TP,
5.1139133,51.0394805,928,
4.5347156,50.9490172,130,
4.5322640,50.9651358,134,
4.7228345,51.1385068,13,
4.7304566,51.0846236,15,
6.1267986,50.6645387,36,
4.7602562,51.1385614,85,
2.8604726,50.9411697,56,
2.8517694,50.9541209,49,
3.5408897,51.2230460,16,
5.6499096,50.9532958,53,
3.5233510,51.1895120,59,
4.0979307,50.9596879,11,
5.1664344,50.8928536,421,
5.6420872,51.0534270,173,
5.6305439,51.0762437,187,
3.6021020,51.2615502,26,
3.6610339,51.2664040,38,
4.7721407,50.9361490,602,
4.1937581,50.9046986,237,
4.2397070,50.8884665,229,
3.2311863,51.1921841,4,
5.1932495,51.2389095,45,
5.1931963,51.2391244,45,
5.2038108,51.2386988,49,
5.3101624,51.1627047,285,
5.2936690,51.1697425,168,
5.3045706,51.1652924,287,
5.2977089,51.1640386,283,
5.3065237,51.1758640,174,
5.2881476,51.1725377,170,
5.2951210,51.1678745,165,
5.2908605,51.1675944,166,
5.3006196,51.1618498,284,
5.2896954,51.1717963,169,
5.3200890,51.1626153,216,
5.3123241,51.1786574,175,
5.2817859,51.2526096,31,
4.8207239,51.2851504,10,
4.8484414,51.2638231,73,
4.9322354,51.3457546,87,
4.9246563,51.3532617,89,
4.9303518,51.3535917,91,
4.9236887,51.3545119,92,
4.9217198,51.3570032,50,
4.9101593,51.3768629,41,
4.0900550,50.9347004,5,
4.1203331,50.9244999,14,
5.0036760,51.3295490,37,
5.0020066,51.3402929,41,
5.0318679,51.3372269,19,
4.9974839,51.3301014,55,
4.9995066,51.3346730,53,
5.0053084,51.3381468,54,
5.0194968,51.3445639,40,
5.0303470,51.3472101,18,
5.0039502,51.3407793,31,
5.0004493,51.3473809,42,
5.0142287,51.3559813,44,
5.0294678,51.3254576,20,
5.0038837,51.3286317,36,
5.0311864,51.3344873,71,
3.3139940,51.3459387,17,
3.3137114,51.3462553,17,
3.3285744,51.3496788,16,
5.4202031,50.9927917,118,
5.4161846,51.0267199,18,
5.4177387,51.0360958,20,
5.4675123,51.0038734,107,
5.4435200,51.0192127,32,
4.0652443,50.8994299,44,
5.4800965,51.0103657,109,
5.4057019,51.0081594,33,
5.4477352,50.9848100,44,
5.4375907,50.9869682,119,
5.4639661,51.0068424,104,
3.3422388,51.0943832,64,
6.1198258,50.6744073,52,
5.3801767,50.9634194,58,
5.3773406,50.9608401,50,
5.3778814,50.9645443,55,
5.3666643,50.9663630,54,
5.3778752,50.9644892,55,
5.3528886,50.7930192,18,
4.0008334,50.9363790,81,
6.1138804,50.3805267,46,
5.4331132,50.9846117,5,
5.4375400,50.9938132,42,
4.7091659,50.9603748,628,
4.9271278,50.9324617,209,
3.3070943,51.1781496,61,
3.3278133,51.1843424,58,
3.3184692,51.1843500,59,
5.1840163,51.2298557,58,
4.3534099,51.3507670,13,
4.4181179,51.0130682,39,
4.8228010,51.3925054,23,
4.0444330,50.9210618,23,
3.4436003,50.8272294,22,
2.7273449,51.1498946,85,
4.3964311,51.0057495,25,
4.4050436,51.0073994,133,
3.3957466,50.9501518,56,
4.8495889,51.4009644,45,
4.8313184,51.4015595,18,
4.8431925,51.4019670,60,
4.8401195,51.4134580,57,
4.8370136,51.4143313,62,
5.3171150,51.1789052,178,
4.8286564,51.3474892,71,
4.8382621,51.3486275,74,
4.8384044,51.3526646,10,
4.8419784,51.3574720,70,
4.7344377,51.0874957,17,
4.7444199,51.0915632,98,
4.8410618,51.3601263,79,
4.8381114,51.3637461,60,
4.8352827,51.3637582,59,
4.8348569,51.3653096,58,
4.8232330,51.3664425,56,
4.8289181,51.3670852,57,
2.5933650,50.9201188,74,
4.9006319,51.0777809,190,
2.7114213,50.8402543,40,
4.4475734,51.3568571,39,
3.9817356,50.8815922,91,
3.9814190,50.8818510,91,
5.4898718,51.2785438,190,
5.4968023,51.2814546,187,
5.4866468,51.2895329,104,
5.4858525,51.2805433,103,
5.4905203,51.2919490,106,
5.2095858,51.1013489,94,
5.2766346,51.1931636,148,
3.4679339,51.1877482,44,
4.9175247,51.0692301,108,
4.9288083,51.0695483,28,
5.1635358,51.1338821,68,
5.1376081,51.2193981,28,
5.1908083,50.9930779,27,
4.3901823,51.0005910,26,
3.7820402,50.7791846,5,
3.7819538,50.7649405,91,
4.0277570,51.1852194,28,
4.8818387,50.9273160,243,
4.8828322,50.9365505,23,
4.9800273,50.9822039,137,
4.8752215,51.3713959,73,
4.8849160,51.3771625,72,
4.8853451,51.3790681,90,
4.8625443,51.3698614,52,
4.8590121,51.3708647,51,
4.8642942,51.3673133,56,
6.1403667,50.6706504,69,
6.1431068,50.6721370,64,
6.1485611,50.6751270,68,
4.8845434,51.3589864,25,
4.8757124,51.3674392,57,
5.2744055,51.1976657,154,
5.2968608,51.1983526,138,
5.2977739,51.1970220,140,
5.2093190,51.1174681,7,
5.2112388,51.1151165,10,
5.2116671,51.1160124,8,
2.9367769,50.8896005,35,
4.3719139,50.9279316,60,
4.8763657,51.4124711,35,
4.3469734,51.3410516,65,
4.5546686,51.2663711,29,
4.5536295,51.2684470,30,
3.7061433,50.8173454,7,
4.5656714,51.2818219,15,
4.5823582,51.2874351,40,
4.5718528,51.2763649,20,
3.6416534,50.7646770,58,
4.8903755,51.4147414,33,
4.8908588,51.4150686,33,
2.7635006,50.7861952,47,
2.7723985,50.7948009,71,
3.3396979,51.1826484,57,
4.3773843,51.0059005,339,
4.3783977,51.0114685,21,
4.3748493,51.0127319,5,
4.3754387,51.0183182,04,
4.3813023,51.0195602,09,
4.3786683,51.0223879,08,
5.6449916,51.1912362,162,
4.7375495,51.4398417,70,
4.6356137,51.1522064,64,
3.5409296,51.2846444,93,
4.9870739,51.3238378,33,
3.6471904,50.6764057,32,
3.8869521,50.8857721,61,
4.0031751,50.9500771,89,
3.4837260,51.2399426,1,
3.3826691,50.9222014,88,
3.6940995,50.8517295,46,
3.4835639,51.1933547,53,
3.0045562,51.2627160,55,
4.3678516,51.0202198,03,
4.3619445,51.0210334,01,
3.4909394,50.8348259,48,
3.4978915,50.8367747,47,
3.5571578,51.2245940,19,
4.4459224,51.3428426,27,
5.4726031,50.9994000,106,
4.6201654,51.2287258,74,
4.6456103,51.2391832,16,
4.6316478,51.2491597,13,
4.6266127,51.2505041,03,
5.4860551,51.2970989,105,
3.4789194,50.8320371,37,
3.4698801,50.8319195,30,
3.4748945,50.8186273,95,
3.4817882,50.8230943,1,
3.4566050,50.8149459,75,
3.4723212,50.8234035,53,
3.4712337,50.8230159,54,
3.4942637,50.8314099,49,
3.4921696,50.8136902,22,
3.4892589,51.1921369,55,
4.8306976,51.3609667,63,
4.8296023,51.3647319,65,
5.0875659,51.0676703,243,
2.8939479,50.8483285,54,
3.6617073,50.8446344,28,
2.8908650,50.8549673,23,
3.7766481,50.8396760,46,
4.9689934,51.0729196,220,
5.1511920,51.0989454,36,
5.1507947,51.0993471,47,
3.6744966,50.7449932,87,
5.1785104,51.1102784,5,
5.1375113,51.1084777,18,
5.1943800,51.1123893,16,
2.6120625,51.0965876,30,
3.0432170,50.8244242,2,
6.1699363,50.5691481,45,
3.3614549,50.8011615,4,
6.1442556,50.5639648,59,
3.9288752,50.8937625,92,
3.8325374,50.7758006,30,
4.2466234,51.0331949,93,
3.4960435,50.8234346,11,
3.4927422,50.8267269,3,
3.6089164,50.7825215,90,
3.6151337,50.7870837,85,
3.6329321,50.7977216,83,
5.5077798,51.2571719,165,
3.2372084,51.1251804,42,
3.5330362,50.7860530,20,
3.6175269,50.8074907,74,
3.6228023,50.8138048,75,
4.2351694,51.0276790,73,
5.0524721,51.1572724,45,
5.0564431,51.1565148,47,
4.1012592,50.9143212,19,
4.0794184,50.7167667,354,
3.8506985,51.1767921,60,
4.1060005,50.7378606,270,
4.0898129,50.8897529,137,
4.0949562,50.9224329,17,
6.1361440,50.6586802,8,
6.1343486,50.6597253,74,
5.3753411,51.1417949,234,
4.9880404,51.0603591,77,
3.7790470,50.8803847,91,
4.9727117,51.0410487,81,
4.9713670,51.0368381,294,
4.8326439,50.9338851,143,
4.0773901,50.7929662,233,
4.0784195,50.7677176,245,
3.9497900,50.9647356,77,
3.9090906,50.8926296,81,
4.6779770,51.1326385,87,
4.1523377,50.9354198,50,
4.1574151,50.9329372,49,
4.1624927,50.9322735,70,
4.1562397,50.9368129,72,
4.1189210,50.8105162,2,
5.3738887,50.8801180,15,
3.4709071,50.8016349,51,
3.6269827,51.1642208,24,
5.3422862,51.1628437,222,
5.3300120,51.1642001,290,
5.3382249,51.1661288,218,
5.3563481,51.1666111,224,
6.1371424,50.1308358,33,
5.3728251,51.1702229,221,
5.3122611,51.1634681,286,
5.3260992,51.0094643,78,
5.3792024,50.9622202,57,
5.3838604,50.9601286,47,
5.3770054,50.9592529,49,
5.2225294,51.2387580,29,
5.0997092,51.1355652,60,
5.1126448,51.1367754,58,
5.0500530,50.9941721,284,
5.6257901,51.1147542,219,
5.6354884,51.1155891,194,
5.6209104,51.1169158,217,
5.6213223,51.1169456,217,
3.3030404,51.3561926,22,
3.2775263,51.3488757,26,
3.2400688,51.3414633,30,
3.3048744,51.3546463,21,
3.6305301,51.1943419,31,
4.0719285,50.8121432,16,
4.0660542,50.8109550,15,
4.6641711,51.2964662,39,
3.8964198,50.8846715,63,
6.3033598,50.3344967,1,
4.6375556,51.2865123,89,
5.9884227,50.6808177,93,
5.9885061,50.6802544,63,
4.7265802,51.2347115,5,
4.7303193,51.2370339,99,
4.7321216,51.2401116,98,
2.9054205,50.8539918,25,
3.8438197,51.1873912,64,
3.9788351,50.7658903,621,
4.6350975,51.2875134,87,
4.6452506,51.2943145,33,
4.6420591,51.2973158,35,
4.6411701,51.2980187,36,
5.3158814,50.9832824,96,
5.3381758,50.9776530,87,
4.9599194,51.0761378,219,
4.9572974,51.0796128,152,
4.9537829,51.0843262,44,
4.6619340,50.9644374,55,
3.9114483,51.0159762,20,
6.1734910,50.5131032,9,
4.9603231,51.2305756,15,
4.9505766,51.2341212,31,
3.3228554,51.3601154,12,
2.6573915,50.9431192,10,
2.6499771,50.9374245,9,
5.4104422,50.9677857,71,
5.4193618,50.9707243,73,
5.1539271,51.2864036,87,
5.1475580,51.2867002,21,
3.5717861,50.8043439,33,
3.4843607,51.1374630,73,
5.1083318,51.1603240,23,
4.6760915,51.2440068,20,
4.6981457,51.2462279,40,
4.1617619,50.7862283,138,
3.6450906,50.7837614,44,
3.9168536,50.7948784,94,
4.4360983,51.0174137,47,
4.9684413,51.0015553,344,
2.7746990,50.7687846,68,
2.9644335,50.8311062,37,
2.8890828,50.8374898,7,
2.8904295,50.8426807,67,
4.1785220,50.9182400,21,
2.9161894,50.8200428,24,
2.9070964,50.8173415,18,
2.9054791,50.8182495,19,
2.9691766,50.8399357,84,
4.1897327,51.0199741,21,
4.7723887,51.2149478,1,
5.0320338,51.0508793,303,
4.7416777,50.9178219,14,
4.7483018,50.9227886,15,
5.9888086,50.6967139,58,
6.0677715,50.6696802,27,
4.7950694,50.9613557,7,
6.0753298,50.6416344,73,
5.0235437,51.2615210,57,
4.9572216,51.3517377,72,
3.8380557,50.9328247,41,
3.8455865,50.9378444,5,
3.8442265,50.9309611,45,
3.8410773,50.9342057,42,
3.2380253,51.1382840,51,
5.3257720,51.0322374,14,
5.3138572,51.0260702,19,
5.1497844,51.1564745,45,
4.7493206,51.2960846,19,
4.7812539,50.9154850,113,
5.1269280,50.8337097,346,
5.0140359,51.0042921,407,
5.0415148,51.0121781,268,
5.0425793,51.0147839,311,
4.7763050,50.9275250,107,
4.7746089,50.9310056,106,
4.7510475,50.9206552,10,
5.0280814,51.0350049,116,
5.0263886,51.0381190,196,
5.0256700,51.0456421,112,
3.2436647,51.1345286,52,
5.0501783,51.2410951,136,
5.1253846,51.1680853,06,
5.7450922,51.1616738,202,
5.7523642,51.1561320,205,
4.8427340,50.9508130,154,
4.1526419,51.0031612,35,
5.7383219,51.1636719,201,
4.5475728,50.9383246,10,
4.4897184,51.3414207,62,
4.4937282,51.3463431,40,
5.0426388,51.0406828,199,
5.0179739,51.0102105,250,
6.0268353,50.3516042,22,
6.1966885,50.3985757,71,
3.7076723,50.8420963,8,
3.7171013,50.8330723,10,
3.7051573,50.8433184,42,
4.8335971,51.2416693,34,
5.9841215,50.3198209,1,
4.2054255,51.0341149,88,
4.5912517,51.1473451,93,
4.0290564,50.9998895,20,
4.6911754,50.9697786,631,
3.7070064,50.8880082,8,
3.7590240,50.7926097,18,
3.7033013,50.7444014,18,
3.7033140,50.7443063,85,
3.2588148,51.1592355,71,
3.4802946,50.8275957,51,
3.4607905,50.8375689,27,
3.4608739,50.8331029,28,
3.4864281,50.8134386,26,
3.4645922,50.8347945,31,
5.1031973,51.1536539,26,
5.1044258,51.1513067,20,
5.1067748,51.1502384,96,
5.1116419,51.1540541,22,
4.6111740,51.1563025,89,
3.4591665,50.8275443,57,
5.7126970,51.1573212,200,
3.2862646,51.1848654,38,
3.2832104,51.1791444,36,
3.7651644,50.7593266,29,Bronbossen
5.4556413,50.9952782,40,
3.9279607,50.7556092,26,
4.1432242,50.9941359,43,
4.8125211,50.9992448,751,
4.8128452,50.9923843,750,
4.7145149,51.0952667,55,
5.6762918,51.1830029,192,
3.2920216,51.1187341,5,
6.1543076,50.6357682,21,
4.9720030,51.3702936,09,
4.9676789,51.3744550,99,
4.9700983,51.3838681,63,
4.9714289,51.3856086,64,
4.9762229,51.3869969,65,
4.9775767,51.3702712,10,
4.7616890,51.2010554,92,
4.7523226,51.2053336,38,
4.7732342,51.2055123,54,
4.7476399,51.2099003,39,
4.0057286,50.9044208,4,
3.9103359,50.7525887,15,
3.6401300,50.7778433,46,
3.6487498,50.7662208,36,
3.3858865,50.9393442,80,
3.3856092,50.9511088,58,
4.7929975,50.9299638,126,
3.6764609,50.7266848,41,
3.6862126,50.8370423,81,
4.8922995,50.9709442,722,
3.6820284,50.8383609,53,
5.7262358,51.1561536,207,
3.3745211,50.9104033,96,
3.3755043,50.9111383,97,
3.7015383,50.8527027,45,
4.9438896,51.3321916,79,
4.9352999,51.3538067,90,
4.6856577,50.9697170,632,
3.8231263,50.7662803,31,
3.8091326,50.7622507,72,
3.7928885,50.7614807,81,
5.2420031,51.1738516,05,
5.2327674,51.1748809,04,
5.2292331,51.1789616,03,
5.2164004,51.1820871,08,
5.2347754,51.1821104,02,
5.2257253,51.1833538,09,
5.2300528,51.1838583,96,
5.2595379,51.1844203,99,
3.8042872,50.7573382,75,
5.2392593,51.1846900,97,
3.5688170,51.1592382,17,
3.7601338,50.7719499,36,Bronbossen
4.9570876,51.0959112,53,
4.9622593,51.0969316,181,
4.9531966,51.0983171,370,
4.9466295,51.3780461,01,
4.0898505,51.0080711,50,
4.8405334,51.1840120,20,
4.1147221,50.9835901,69,
3.7941511,50.8183300,28,
3.7144003,50.7882417,25,
3.9496332,51.2118270,84,
4.0934908,50.9834632,80,
3.8175090,50.8101042,54,
5.0320438,51.2578413,92,
4.0676207,51.0051226,25,
3.9659650,50.9564500,80,
5.0145543,51.2645397,81,
3.4666433,50.8030070,53,
3.4605819,50.8021232,54,
3.5767173,50.7681349,93,
3.5709202,50.7597774,92,
4.6192725,51.1540347,71,
4.6253658,51.1575569,59,
3.7741737,50.8466229,55,
4.5175421,50.9858968,857,
3.2931537,51.2024283,14,
5.2917535,50.9737537,97,
3.4620690,50.8147661,77,
4.8856801,51.0829685,389,
3.7640745,50.8572539,70,
3.7341706,50.7320696,37,
3.6978143,50.7280641,20,
3.9295960,50.9202519,1,
4.9389771,51.0747662,162,
4.9388656,51.0761064,24,
4.9429929,51.0807922,318,
4.9388254,51.0818053,371,
4.6703033,51.2553226,33,
4.6331971,51.1634421,45,
4.6385976,51.1666621,46,
5.0100967,51.2994145,09,
5.0235522,51.3040431,07,
5.0233463,51.3041385,07,
5.0199365,51.3115326,15,
5.0086543,51.3272768,34,
3.8501403,50.8942207,6,
4.7848521,50.9362290,129,
5.0849510,51.2051396,72,
5.1803262,51.1401753,63,
5.1763858,51.1458016,78,
5.1788790,51.1489821,56,
5.1913305,51.1506838,55,
5.1763636,51.1512017,51,
5.1788850,51.1540057,54,
3.5688457,50.7747434,15,
5.0560604,50.9736611,904,
4.8329840,51.2825061,95,
3.5255088,50.7766771,69,
3.5262199,50.7826554,65,
3.5714887,50.7815921,96,
3.6295335,50.8561556,29,
5.3556993,51.2176964,95,
3.6616808,50.8017326,48,
3.6627059,50.8022659,49,
5.0576821,51.0192067,939,
2.7041377,50.8874770,22,
2.6956313,50.8857158,29,
2.6943215,50.8849853,30,
2.6996984,50.8817037,39,
4.2669983,50.9803955,328,
5.4906287,51.2354935,75,
5.2760455,51.2435360,02,
5.1160470,51.2381415,10,
5.1157555,51.2392898,9,
5.1179318,51.2415995,29,
5.1155144,51.2403476,1,
3.6791070,50.7914774,22,
5.6582050,50.9783207,34,
5.2991200,51.1816541,173,
3.7290267,50.8093659,6,
5.0156457,51.2235023,40,
5.1171526,50.8539753,340,
3.2893348,51.3535307,23,
4.9027169,50.9401843,20,
4.8955168,51.3863592,79,
4.3491171,51.1360254,318,
5.4596842,51.2115061,23,
4.9328250,50.9350009,210,
5.4380990,51.2032171,478,
5.4066779,50.9597376,80,
3.6920619,50.8594630,49,
4.6086901,51.1326808,16,
4.6112159,51.1330803,22,
4.5921854,51.1333443,11,
4.1712357,50.7793249,3,
4.0836041,50.9193764,32,
4.0587858,50.9269838,26,
3.7058024,50.8568391,54,
3.0061423,50.8087846,47,
3.6784257,50.8890160,12,
6.2480555,50.5989030,78,
5.3851039,50.9634593,59,
6.1676832,50.5180933,11,
5.4915291,51.2307748,74,
5.4314165,50.9398841,85,
5.4316648,50.9426772,84,
5.4373647,50.9452056,61,
5.4418718,50.9472578,62,
5.4401188,50.9395036,60,
5.4464291,50.9418538,58,
5.5036829,51.2537091,163,
4.6008130,51.2864822,70,
4.6084601,51.2925578,68,
4.6159392,51.2930553,66,
4.5936585,51.2946175,47,
5.0602637,50.9809908,95,
4.6394484,51.1596661,44,
5.1703814,50.9919634,7,
5.1611106,50.9924167,8,
5.1841708,50.9841671,23,
5.1736623,50.9866729,21,
5.2803645,50.9927915,31,
4.7239026,51.2067990,71,
5.2662733,50.9833701,44,
5.2495563,50.9957843,102,
5.2554208,50.9972884,103,
5.2666385,50.9943937,39,
5.2645354,50.9813421,45,
5.2726680,50.9848411,43,
5.2715471,50.9862040,42,
5.2718757,50.9863386,41,
5.2719390,50.9871684,40,
4.6604126,51.1390973,98,
3.2777094,51.3447960,25,
2.7632556,50.8773213,16,
5.2699456,50.9894321,37,
5.2692347,50.9903501,36,
5.2680051,50.9920354,38,
5.2825244,50.9961438,30,
5.2789088,50.9945529,32,
5.2805565,50.9974135,34,
5.2546298,51.0223133,65,
4.2704223,50.9888000,329,
4.2348221,50.9595222,4,
4.2334691,50.9608613,405,
5.0120701,51.3338538,38,
5.0259379,51.3306164,70,
4.9984160,51.3395480,52,
5.5265774,51.2330452,123,
5.5314808,51.2358205,122,
5.6579713,51.1847745,177,
5.4371972,50.9524245,64,
5.4583010,50.9559830,56,
5.4582028,50.9560389,56,
5.4716670,50.9581516,53,
5.4636623,50.9500460,57,
5.4686578,50.9580708,54,
5.4732126,50.9602399,52,
5.5995220,51.2118732,37,
4.9651105,51.3462901,64,
5.0059582,51.3575214,45,
4.8650445,50.9327047,231,
4.7769601,50.9511606,65,
3.8532248,50.9033831,64,
3.8708204,50.9188808,15,
4.9864908,51.0047892,342,
3.8851949,50.9165479,89,
5.1630446,50.9874386,46,
5.1744273,50.9868903,47,
5.1679357,50.9876947,45,
5.1616321,50.9807238,49,
5.1006330,51.1494661,97,
5.1145285,51.1668150,09,
5.1286442,51.1697932,98,
3.7366640,50.7390857,23,
4.9336904,51.0614274,25,
5.3304156,51.0335814,12,
5.3513810,51.0250058,70,
5.4616477,51.0063105,105,
5.4637066,51.0070429,104,
5.4535375,51.0132167,101,
3.7385225,50.7370893,42,
4.7612306,51.4010735,86,
5.4003144,51.0150096,16,
5.6334029,51.1735466,182,
4.8327038,51.0620560,381,
5.2145528,51.1272674,62,
4.8809240,51.0608504,287,
4.8798179,51.0751888,189,
3.9523078,50.9550698,70,
5.4127175,50.9734542,63,
5.6967717,51.0768440,162,
5.6882811,51.0732702,161,
4.5594419,50.9198026,101,
4.3276215,50.9144158,53,
4.3279673,50.9110266,54,
4.2151811,50.7330254,382,
4.7812069,51.2955295,56,
5.1109324,51.0114316,916,
5.1076746,51.0144924,917,
5.4597442,50.9810792,45,
5.4243219,51.1796877,488,
5.0212440,51.0642423,296,
5.1278888,50.9921342,41,
5.1374383,50.9960253,34,
5.0881150,51.2027802,73,
4.7290223,51.1315312,8,
4.7254781,51.1364143,12,
3.8925041,50.9064659,87,
5.1387490,51.0098933,39,
3.3206966,50.8385370,37,
4.6931015,51.2982029,76,
4.7268974,51.3169714,97,
5.5389777,50.9931217,261,
5.5469381,50.9942737,264,
5.5397154,50.9978487,265,
5.5326673,50.9982257,266,
5.4327566,51.1732283,491,
3.1906394,50.8421060,11,
3.2628238,51.1591190,68,
4.4842348,51.3626367,25,
4.8858477,51.1839452,62,
4.8860729,51.1853013,50,
5.0323697,51.1146809,26,
5.7000308,51.1199480,264,
3.5413616,51.1256477,97,
5.5374466,50.9641001,125,
5.5619286,50.9650802,136,
6.0399611,50.6871149,64,
5.5500153,50.9473590,126,
4.5977793,51.1163425,24,
4.5996771,51.1210573,25,
4.5927803,51.1280074,12,
5.6812784,51.1196287,266,
5.5677828,50.9210621,107,
5.5650633,50.9142821,99,
4.2002144,50.9106301,02,
5.5776765,51.0171719,284,
5.4410208,51.1640822,327,
5.4327773,51.1464732,318,
4.6732953,51.1282744,11,
3.2634813,50.8234597,47,
3.8526455,51.1832696,65,
4.7005224,51.1547499,20,
3.9110371,50.7669444,14,
4.7196936,51.1100521,45,
5.5871421,50.8968438,88,
5.5876792,50.8998334,334,
5.5845537,50.8912039,86,
5.5880447,50.8923499,85,
5.5958130,50.8943302,90,
5.5904914,50.9016930,89,
5.5967747,50.9073416,93,
5.5852769,50.9077933,94,
4.7755117,51.0647384,84,
4.7797562,51.0682535,83,
5.6014837,50.9059488,91,
4.8045436,51.0636280,88,
4.8138873,51.0652677,89,
2.6932484,51.1404207,73,
4.8632422,51.3781440,67,
4.8757834,51.3790198,70,
4.8688400,51.3795115,63,
4.8706589,51.3841534,82,
4.8785755,51.3861232,80,
4.8716054,51.3865686,83,
4.9690815,51.0689132,172,
5.7661752,51.0712661,42,
2.7928913,50.8744754,95,
2.7838059,50.8698827,1,
2.7763731,50.8676675,9,
2.7856129,50.8691196,99,
5.1203569,51.3358229,32,
5.1147098,51.3371721,29,
5.1223822,51.3416916,85,
5.0985437,51.3595113,05,
5.0649849,51.3664647,01,
5.0951116,51.3678608,04,
5.2093443,51.1109940,11,
5.7418631,50.9955686,85,
6.1870946,50.3244104,56,
5.7276950,50.9980667,89,
5.0485378,51.2091132,66,
3.8264705,50.9439228,40,
5.0549783,51.2096770,22,
5.0575615,51.2063907,84,
5.0527441,51.2094774,78,
5.0676270,51.2147343,63,
5.2701595,50.9732912,116,
5.7116961,50.9286364,105,
6.0131277,50.6178602,46,
4.9681290,51.1025756,54,
5.6608109,51.0551845,169,
4.9666337,51.0114881,298,
3.4081272,50.9420438,52,
3.6438812,50.8404014,55,
3.4293526,50.9273682,13,
3.4267461,50.9267356,12,
4.7239852,51.0949297,53,
4.9291679,51.1060087,64,
3.4779230,50.8381590,34,
3.4326276,50.9250242,15,
3.4402938,50.9326936,23,
3.4641521,50.8149893,79,
3.4548529,50.8134616,43,
5.5960073,50.8971008,82,
4.0539197,50.9684049,95,
4.0530484,50.9699914,94,
4.7632772,51.0839474,29,
5.0480727,51.2050046,59,
3.4633007,50.8163360,78,
4.7410680,51.4673401,55,
4.7378040,51.4715301,45,
4.7764924,51.0612290,35,
4.7663773,51.0628949,07,
4.7474649,51.0637262,09,
3.9429770,50.9169302,44,
3.9902883,50.8995296,6,
4.8251129,51.0622812,332,
4.8201330,51.0644956,53,
5.2141127,50.9762538,58,
5.3546254,50.7935813,18bis,
5.4116240,50.9449053,83,
5.4085593,50.9542093,82,
4.9950555,50.9815762,335,
4.2497844,50.9392786,416,
4.8891658,51.0843703,184,
3.9853181,50.8967596,92,
3.9404754,50.8798298,23,
4.8728367,51.3896704,85,
5.6306683,51.0999238,186,
5.6266232,51.0905710,199,
5.6246743,51.0947968,185,
5.3989461,51.0473611,122,
4.8985178,50.9898274,738,
3.3186358,50.8374868,32,
5.6579826,51.0004365,22,
5.6516188,51.0047826,20,
6.2204764,50.4206152,51,
5.6767136,50.9885492,27,
5.6715501,50.9895475,28,
5.0615485,51.0252417,45,
5.0394799,50.9975446,282,
5.0423972,51.0149564,311,
5.0814765,51.1345313,77,
2.7429362,51.1479685,77,
5.6615109,50.9810236,29,
3.7735902,50.7819232,8,
3.7826795,50.7841640,9,
5.0525897,51.0059035,413,
5.0420839,51.0083095,337,
5.0526244,51.0017202,263,
4.8702675,51.0571570,186,
4.8751738,51.0600435,234,
5.0080653,50.9582858,331,
5.0218514,50.9642152,914,
6.1871833,50.5038179,17,
5.3612244,50.8157672,20,
5.1540576,51.0167981,37,
5.6774309,50.9890072,24,
4.7949060,51.3332668,01,
4.8076864,51.3394208,96,
4.8063739,51.3399218,97,
4.8127652,51.3425838,73,
5.9874261,50.6780418,37,
5.9924808,50.6706467,92,
3.2057079,50.8440345,59,
6.0098174,50.6721369,75,
3.4861191,50.8398664,38,
4.9321183,50.9119870,322,
4.9306951,50.9151663,321,
4.4840620,51.1830446,13,
4.4842367,51.1843229,12,
4.4854410,51.1811532,25,
4.4851126,51.1842867,14,
6.0455899,50.6750830,50,
5.6503223,50.9442283,55,
4.0752431,50.8988835,40,
5.1879971,51.2176127,65,
5.1949459,51.2197506,66,
5.1880315,51.2205563,68,
5.1888699,51.2359326,10,
4.1696505,50.7562418,315,
3.6463745,50.7433161,49,
3.7670583,50.6466826,88,
2.6466111,50.8564267,73,
2.6319046,50.8557894,82,
5.4239820,50.9144387,100,
5.4236268,50.9157372,99,
5.4359790,50.9169005,97,
5.4327292,50.9225519,94,
5.4400414,50.9242825,95,
5.6527371,50.9578270,311,
5.4535866,50.9912234,43,
5.1114001,50.8468752,301,
5.1149511,50.8509832,339,
5.1145367,50.8488927,302,
5.7897782,51.0771350,25,
5.7862328,51.0712131,40,
5.1629743,51.0937913,52,
5.6113235,50.9282743,57,
5.2240845,51.2375929,47,
5.2156976,51.2383119,44,
5.2086822,51.2392353,43,
5.2288824,51.2394912,09,
5.2208942,51.2502356,26,
5.2364615,51.2621544,10,
5.4379956,50.9961499,41,
6.2299612,50.4220436,53,
5.6151596,50.9217892,59,
5.6234984,50.9241992,60,
4.4903736,51.0587049,299,
4.4873456,51.0597223,295,
4.4877200,51.0600284,298,
5.3360924,51.2485036,52,
5.3308315,51.2500048,51,
5.3257215,51.2510150,49,
3.4530189,50.7521265,10,
5.4337232,51.2610218,91,
5.6529447,50.6130813,27,
6.1942396,50.4334492,41,
6.0507355,50.3220674,19,
4.9803803,51.1042836,423,
4.9760887,51.1049550,422,
4.9815394,51.1064406,55,
4.3799889,51.3534962,1,
4.3569448,51.3418128,68,
4.4660511,50.9922468,819,
5.6588079,50.9199028,63,
5.6487834,50.9237915,62,
5.6552364,50.9148056,69,
5.6601939,50.9165835,66,
5.6612871,50.9176814,64,
4.8160322,50.9569670,162,
4.4461478,51.3780071,14,
5.6275771,51.0182230,137,
5.5955327,51.0055069,129,
5.5929349,51.0101200,128,
5.1477962,51.1815676,89,
5.1682589,50.9885765,44,
5.6153293,51.0073471,324,
4.3717172,51.0728967,198,
4.5125626,51.3383689,60,
4.4906528,51.3509599,64,
4.4523718,51.4046146,02,
4.4441603,51.4139736,01,
5.2823076,51.0200373,27,
5.2828086,51.0211277,25,
5.2897216,51.0234692,24,
5.2944934,51.0249908,23,
5.2990581,51.0262027,21,
5.3202268,51.0278179,15,
5.2940003,51.0307958,20,
6.1526517,50.6376774,38,
4.5676619,51.2540304,37,
4.5644268,51.2618474,33,
4.5693111,51.2668503,34,
4.5636615,51.2669405,27,
4.5616184,51.2695154,24,
4.5620504,51.2723631,23,
5.3006117,51.0330879,11,
5.3219517,51.0145259,80,
4.5343696,51.2826586,07,
4.5537645,51.2954235,13,
4.5537802,51.2959562,09,
5.0539390,51.1938391,88,
5.0462477,51.1901263,92,
2.7331461,50.8603116,28,
4.7412540,51.0888130,99,
4.7419527,51.2249068,81,
4.7624335,51.2304247,93,
4.2184277,50.8286271,723,
4.5726444,51.1261097,33,
4.5726137,51.1265583,33,
4.5721736,51.1377755,90,
6.0212529,50.7535234,37,
5.2539474,51.0081954,104,
5.2456022,51.0219321,69,
5.2825982,51.0221719,26,
5.6907821,51.0498986,149,
4.9457060,51.0916201,217,
5.2537115,51.0239926,66,
5.2515699,51.0233625,68,
5.2574070,51.0270522,67,
4.7825398,51.3225350,43,
4.7791961,51.3237677,41,
4.8031428,51.3247256,51,
4.7718690,51.3256710,33,
4.7828952,51.3262130,40,
4.7843120,51.3273450,39,
5.1393601,51.3145236,83,
5.5466785,50.9382907,118,
5.5456340,50.9304312,111,
6.1271439,50.6583877,4,
5.4479475,51.2755618,130,
5.4523439,51.2751984,198,
5.4936525,51.2899714,108,
5.4889012,51.2757587,191,
5.4200376,51.2352187,45,
5.4198548,51.2347205,43,
2.7724113,50.9027850,88,
3.9539733,50.9578135,75,
3.7352943,50.7000389,10,
5.5400334,51.0521045,220,
5.5307507,51.0553326,225,
5.5223294,51.0581790,224,
5.5409347,51.0015044,303,
5.5500069,51.0003018,272,
5.5621805,50.9973229,268,
5.5609847,50.9967470,267,
4.2723868,50.9928983,330,
4.7450291,50.9720143,619,
4.5237402,51.4547351,26,
5.5112545,51.2613896,167,
5.5061003,51.2661215,172,
5.5047561,51.2674171,174,
5.5076775,51.2531305,164,
5.5086596,51.2571393,165,
5.5178169,51.2584710,173,
5.5152508,51.2599780,166,
5.5067508,51.2652383,168,
5.5064969,51.2662306,172,
5.5088829,51.2733816,116,
5.5060192,51.2713890,183,
5.4968505,51.2681350,175,
5.4909403,51.2716446,178,
5.5112898,51.2816955,115,
5.5084475,51.2894796,113,
5.5037011,51.2865403,112,
5.4957822,51.2870477,110,
5.4819647,51.2757196,195,
5.4839205,51.2755338,194,
5.0640975,51.0749675,228,
2.9224406,51.2326312,64,
3.9767001,50.8901470,8,
3.7039581,50.8968750,90,
3.9891745,50.9120860,25,
5.6454531,51.1812366,179,
5.6401920,51.1803755,185,
5.0479583,51.1607363,56,
4.9028632,51.3328835,82,
5.7508660,51.0328043,65,
5.7528185,51.0336970,64,
5.2528626,51.0873895,08,
5.4940562,50.9783702,49,
6.1703010,50.4939378,19,
3.3347634,51.0902228,63,
4.2024784,51.0002085,59,
5.6620690,51.1775525,189,
5.6377316,51.1740646,183,
5.6382410,51.1919543,163,
5.7050534,50.9220498,106,
5.5197079,51.2682394,145,
5.5123802,51.2784452,186,
5.4420887,51.2708283,129,
5.4326551,51.2619348,92,
2.9076995,50.8218540,21,
2.9191454,50.8182419,25,
3.6726596,51.2315976,34,
4.6395029,51.1132384,28,
5.1515089,51.2746668,18,
4.3490161,51.1323017,311,
5.0700373,51.1051392,15,
5.0729001,51.1114512,13,
5.5315390,51.0074868,304,
5.5486380,51.0118463,280,
5.5460469,51.0148168,301,
4.0181112,50.9940876,17,
4.8744791,51.2723880,4,
2.6079523,51.1104493,25,
5.4335002,51.1876211,485,
5.4319613,51.1877940,485,
5.4325440,51.1906409,482,
5.4336070,51.1939923,474,
5.4316982,51.1947179,476,
5.4336079,51.1946060,475,
5.5763200,51.0153827,285,
3.9753928,50.9516516,83,
3.9416260,50.9547081,64,
6.1777939,50.2033645,42,
3.9979251,50.9640703,97,
4.6335290,51.2004838,45,
2.9044241,51.2273213,65,
5.0038267,50.9234657,81,
3.4585953,51.1741641,41,
4.5855995,51.3085165,01,
4.6179526,51.3209676,58,
4.8083835,51.4826630,09,
4.8119873,51.4863210,07,
4.8137475,51.4869601,06,
5.0362300,51.0193348,309,
5.0187960,51.0550286,300,
5.0173195,51.0568040,299,
4.8635903,51.3741299,54,
4.8683599,51.3767834,68,
4.0911488,50.9380704,6,
3.3715473,50.7459919,97,
5.7232707,50.9213683,107,
5.4108221,51.0480843,121,
3.4593271,51.1674808,29,
5.4783544,51.0128792,110,
5.7656321,51.0022900,82,
5.7605640,50.9944731,88,
5.7479642,50.9858546,92,
5.0285660,50.8045454,117,
5.0203982,51.0746895,191,
5.0318539,51.0988136,173,
5.0294505,51.1027098,174,
5.1117022,50.8997954,404,
3.4693754,51.1569165,23,
4.8637728,51.4065218,37,
4.8574319,51.4043961,38,
4.8694525,51.4073761,36,
4.8706236,51.4068852,36,
4.8737219,51.4141165,34,
3.8614834,50.8801250,48,
4.4535356,51.4339474,56,
4.4240211,51.4365535,48,
4.4525551,51.4410013,22,
4.4277004,51.4425540,42,
4.4447331,51.4435473,39,
5.6919994,51.1561923,197,
5.7083971,51.1554438,198,
5.0186166,51.0950796,329,
5.7434256,51.0793353,51,
5.7426294,51.0797256,302,
5.5328226,50.9380411,116,
4.7945747,51.4653876,69,
4.7963669,51.4977195,04,
4.8223673,51.4307426,96,
4.8250665,51.4234189,97,
3.7863106,50.8515838,54,
5.7494362,51.1597711,203,
4.8650789,50.9192855,245,Hagelandse heuvels
5.2386835,51.1684704,10,
6.1727736,50.4325156,33,
5.1859714,51.2366687,53,
5.9942819,50.6651599,90,
3.0483752,50.9011960,87,
5.0000027,51.0790453,215,
4.9982651,51.0728882,221,
5.0055839,51.0673588,223,
5.0063538,51.0884972,328,
5.9894472,50.6622311,73,
5.1595474,50.9965140,48,
4.2389901,50.7832577,711,
5.3293545,51.0377199,140,
4.7687315,51.3481379,12,
4.8696393,51.0375463,278,
5.0617498,51.0478476,235,
5.0636869,51.0485846,236,
5.0526855,51.0480177,237,
4.9962872,51.4093121,45,
5.9763181,50.6598314,96,
5.1396018,50.8903026,415,
5.1400445,50.8921581,414,
5.1602845,50.8824197,423,
5.1327686,51.1089972,12,
5.1299442,51.1126676,13,
5.1374789,51.1146810,91,
5.1289605,51.1204328,89,
5.1960601,51.0252810,2,
5.1156729,51.1187273,97,
5.6725618,51.0777935,174,
4.4827696,51.4702110,91,
5.4829782,50.9686058,47,
5.6563578,51.0887265,176,
5.6217081,51.1147019,182,
5.6190766,51.1022897,184,
5.6108854,51.0823054,202,
5.5918426,51.0573474,196,
5.6937185,51.0560468,155,
5.5620817,51.0162534,282,
5.5667746,51.0179325,283,
5.5511356,51.0110377,278,
5.5694189,51.0258505,286,
5.7510019,51.1578659,204,
5.5431151,51.0023727,273,
5.6498102,51.0947415,178,
5.6404853,51.1056945,181,
3.6680858,50.8198816,19,
4.9048042,51.3856207,54,
5.2043809,51.1756586,26,
5.0010490,50.9688803,332,
5.1421064,51.0898633,63,
3.9467580,51.2140615,85,
5.1058046,51.0842519,74,
5.6885404,51.0751740,165,
5.0710093,51.0580894,313,
5.6953056,51.0566271,153,
2.6838995,50.8698474,36,
2.7013590,50.8842911,24,
6.2116237,50.3403861,48,
4.4780903,51.1872415,4,
4.4811715,51.1884862,11,
4.4767727,51.1839637,7,
5.6321315,51.0915834,177,
5.6855474,51.0642000,158,
4.0667071,50.7238959,433,
5.6680677,51.0555695,168,
5.6720685,51.0534423,151,
3.4978317,50.8201664,12,
3.4945590,50.8185910,13,
3.4782860,50.8372159,35,
3.4634679,50.8146452,80,
5.4721489,51.2061333,19,
5.4737597,51.1987467,25,
3.6446652,50.8498578,32,
5.6310126,50.6209849,4,
5.4463669,51.1909033,11,
5.4574783,51.1980737,16,
5.4763436,51.2010245,33,
3.4174640,51.2528345,53,
5.4591873,51.2207928,38,
5.4584885,51.2165425,01,
5.4746478,51.1995378,18,
5.5876199,51.0591753,320,
4.6390537,51.2722982,42,
2.7274436,50.9419867,28,
5.6809104,51.0555892,152,
5.5514286,51.0246347,291,
2.8429515,51.2003557,70,
4.1080689,50.9534825,21,
3.9654640,50.9509221,74,
5.1796608,51.1399125,64,
5.1689089,51.1402608,69,
5.0097330,50.9849488,336,
5.0954157,51.0355338,937,
5.1298768,51.0367937,927,
3.3280350,51.1648323,78,
5.1731118,51.1315439,67,
5.1371901,51.1430303,81,
5.1440252,50.8755638,425,
5.1524979,51.1339330,75,
5.1486338,51.1288233,76,
5.1975237,51.1346860,60,
5.1469783,51.1549042,11,
5.1754823,51.1589056,1,
5.6280239,50.6189675,3,
5.0143806,50.9521942,START,
3.3753021,50.7861849,20,
4.8797841,51.3793478,96,
5.5965013,51.2060061,36,
5.6305450,51.1787174,181,
5.6493564,51.1818813,178,
4.9739813,51.4154643,42,
5.1413408,51.2503137,66,
3.8720120,50.9091747,78,
5.4529359,50.9386236,59,
3.8828768,51.1440186,14,
5.2465112,51.0794228,2,
3.9345613,51.1976850,9,
4.1042144,51.2616957,85,
4.0214320,51.2299900,50,
4.8690586,51.0279711,65,
4.9881857,50.9975067,138,
5.1193284,51.2394994,02,
3.9083838,51.0142866,5,
4.8947787,51.0310677,264,
5.4233639,51.0745954,55,
5.1744834,51.0967243,32,
4.4731561,51.3557957,73,
4.5459286,51.3916248,26,
5.4787302,51.0106396,108,
5.6369145,51.1924306,164,
5.6316242,51.1977892,168,
5.6332028,51.1983816,169,
5.6181144,51.2008733,38,
5.5792607,51.2088030,34,
5.4593400,51.0102966,102,
5.4844702,51.0152031,111,
3.2045256,51.3329326,35,
4.6569640,51.2440543,17,
4.6816677,51.2493925,41,
4.5157701,51.2975516,92,
4.5374737,51.3008885,10,
3.9243999,51.2045278,79,
3.9257814,51.2152008,88,
4.9570871,51.3557152,70,
4.7826668,51.0852893,69,
4.9677228,51.3574728,49,
4.9527587,51.3443020,66,
4.9603573,51.3533701,61,
5.5126341,51.0079327,306,
4.6506539,51.2151111,95,
4.6662945,51.2309685,89,
4.6481929,51.2955588,34,
4.6594226,51.3231881,05,
5.5850243,51.0568978,210,
4.1475327,50.8991966,255,
5.5466887,51.0480355,219,
4.2389947,50.8791832,604,
6.1781341,50.4534733,30,
4.4892698,50.9383957,36,
5.0607291,51.2692903,141,
5.0621494,51.2699260,104,
5.0476502,51.2666792,01,
4.1600238,50.9308383,26,
5.1133188,50.8525036,339,
3.7634875,51.2098533,56,
4.8966573,51.0380006,158,
4.8945764,51.0402281,417,
2.9553813,50.8264823,34,
3.7028812,51.2698549,51,
3.7288633,51.2724903,52,
5.4378221,51.0308618,4,
5.4398086,51.0322383,6,
5.4325983,51.0300817,2,
4.9306360,51.0782040,23,
4.9395757,51.0870594,323,
4.9303327,51.0875161,41,
4.9418153,51.0915044,97,
4.5419417,50.7723266,30,
5.0711720,51.2595139,139,
5.4225437,51.0210643,13,
5.4160912,51.0258141,17,
5.4453166,51.0311965,9,
3.9179107,50.9397493,12,
4.0654025,50.9308314,29,
3.8648712,50.9612662,44,
4.4773741,51.1851425,5,
4.4767288,51.1853089,6,
5.0613823,51.1303720,10,
2.7621183,50.7865465,34,
2.7643011,50.7882987,31,
2.7573219,50.7851071,38,
5.4489771,51.0332168,7,
4.9031908,51.0913237,04,
3.9978646,50.8718698,74,
4.0785176,51.0007341,58,
4.0881764,50.7758394,252,
4.6855745,50.8634695,6,rwn
5.6340421,50.6224987,5,
3.9922975,50.7496366,608,
5.0094926,50.9247322,83,
3.1809958,50.8098303,35,
4.0458626,50.7112492,425,
4.4715046,51.2847033,52,
4.2021470,50.8236954,746,
5.0668049,51.1130046,19,
5.6508424,51.1920652,160,
5.6307594,51.1942367,167,
4.0230908,50.7328997,403,
4.0260338,50.7357541,404,
4.0385716,50.7232296,408,
5.5514416,51.2504998,158,
4.0406816,50.7517711,640,
4.0659326,50.7153615,429,
4.2886824,51.0176860,311,
5.4572339,51.2043420,21,
4.2840862,51.0179152,310,
4.2897970,51.0267818,37,
4.2919807,51.0250247,38,
3.9125805,51.0103807,3,
5.4435588,51.2409796,84,
4.1591208,50.7584792,337,
2.6261535,50.8345972,40,
5.3961720,51.0008673,148,
3.2938571,51.2008501,19,
3.2904695,51.1994981,20,
5.6839876,51.1641098,194,
4.1854253,50.9667916,706,
2.7762046,50.7532864,19,
5.3254422,51.1883061,114,
2.8156328,50.7451525,37,
2.8314686,50.7474535,31,
3.1642028,50.7818774,26,
2.6699606,50.8331287,56,
3.2672207,50.7686950,65,
4.8922091,51.0236759,211,
4.0300562,50.9616020,4,
3.4048537,50.7474476,10,
5.4031910,51.1284503,359,
4.9336230,51.0613798,25,
3.4826115,50.8012645,29,
3.4944570,50.8111342,18,
5.4405371,51.1397085,316,
3.9854474,50.9273289,63,
3.4592273,50.8033463,46,
3.3986919,50.7595008,14,
5.3228524,51.2092385,118,
5.3177883,51.1877907,113,
6.0525243,50.6502310,68,
5.7547651,51.0440587,61,
3.4711534,50.8111482,36,
3.4654818,50.8098544,39,
3.4562846,50.8129674,42,
3.4424548,50.8268742,23,
3.6628427,50.7606278,32,
3.4686482,50.8385412,33,
2.7554239,51.1238449,2,
5.2922922,50.9543404,124,
6.2222655,50.4201153,48,
6.2344924,50.4200079,54,
3.3564098,50.7421955,73,
5.2700804,51.0857317,09,
3.3715867,50.7558354,18,
3.3897767,50.7543666,16,
3.3260128,50.7559848,58,
5.1313230,50.8182839,311,
5.4548151,50.9961604,39,
4.9649062,51.3566541,69,
3.3098521,50.7682741,52,
5.8310399,51.1526246,16,
3.2293501,51.1997970,3,
5.2259374,51.2681893,22,
3.3066291,50.8042558,85,
2.8052285,50.7530728,52,
3.2358453,50.8222215,86,
3.2570434,50.7646890,83,
4.5023066,51.2910767,95,
3.2372690,50.8051673,4,
4.5594241,50.9701708,202,
3.8599707,50.9115112,75,
3.8548503,50.9075994,65,
3.8300426,50.9078361,2,
5.5413918,51.1508517,252,
4.0525203,51.2362523,61,
4.1146099,51.2696216,53,
4.5125440,51.4536403,32,
3.5280699,51.2464941,51,
2.8992396,50.7610919,46,
2.7319881,50.8593952,47,
2.7292965,50.8577287,72,
3.5252685,51.2446254,10,
3.5307883,51.2457696,12,
4.4439398,51.0683747,169,
5.7034288,51.0031983,2,
5.6875318,51.0045201,7,
5.6712272,51.0044330,13,
5.4294775,51.2358303,85,
5.4122909,51.1658429,238,
2.6982318,50.8889284,26,
2.6997813,50.8869361,28,
2.6989981,50.8874033,27,
4.8096922,50.9869411,710,
4.1392097,50.7574607,363,
5.0426154,51.0932411,198,
4.2403644,50.7620155,703,
5.2318908,50.9812518,59,
6.0468431,50.6798468,74,
6.0468568,50.6706194,6,
6.0494080,50.6738902,44,
5.4792703,51.1973003,31,
5.4858131,51.1985893,28,
3.6584694,50.7778610,38,
4.6567567,51.3278304,07,
4.6563798,51.3284077,08,
6.0413790,50.6723873,93,
4.0265765,51.1962437,31,
4.0648287,51.2446837,76,
5.0743794,51.3228423,41,
4.4833574,50.9369325,35,
4.6049785,51.3485554,68,
5.5289026,51.2161490,62,
5.5270917,51.2135104,66,
2.6241789,50.9228053,4,
4.7521702,51.3463037,16,
4.7487628,51.3502191,15,
4.7518021,51.3530581,14,
4.7488936,51.3700361,26,
6.1395026,50.6873377,44,
6.1079552,50.6850356,61,
4.7721955,51.3272825,37,
4.7625946,51.3282997,28,
4.4884577,51.2795441,66,
4.0644446,50.9181163,28,
4.7981709,51.3141789,71,
4.7861742,51.3212321,47,
4.7917732,51.3215721,49,
4.0155204,50.8842524,72,
5.0750291,50.9840998,91,
5.4825020,51.2955938,107,
5.3193508,50.9855644,90,
5.3212285,50.9860826,84,
5.7517829,50.9913131,86,
5.6404320,50.6076825,22,
5.2615071,51.0161238,61,
4.0197608,50.9860160,13,
4.4154213,51.3146934,92,
4.9715151,51.4080004,54,
5.4394639,51.2123859,05,
4.7652219,51.3874017,89,
4.8015007,51.3349091,93,
4.7965692,51.3326037,82,
4.7995779,51.3331195,06,
2.7216406,50.8474206,41,
2.6971733,50.8319240,44,
2.7068994,50.8452142,37,
3.2594729,51.2052648,13,
3.9391795,50.7168238,5,
4.7612465,51.3347504,08,
4.7263369,51.3349683,82,
4.9710268,51.0328757,96,
4.9733784,51.0313063,293,
5.4694380,51.1980514,24,
5.4815912,51.2116473,36,
5.1757462,51.1021028,24,
4.7637522,51.3930205,87,
5.3952340,50.9604991,78,
5.3090761,50.9556596,126,
3.6330362,51.1762505,25,
3.6300108,51.1764130,26,
3.6310892,51.1793790,27,
3.6306420,51.1807940,28,
5.2807250,50.9561245,107,
3.6401088,51.1828204,33,
2.8651236,50.7775944,36,
6.3295024,50.3261138,17,
5.4356741,51.1820458,486,
5.0657636,51.2078818,82,
6.3008522,50.3207693,99,
6.1030770,50.3261753,1,
5.7310502,50.9427499,101,
4.8248943,51.4008501,14,
6.0543744,50.3307185,79,
4.4902106,51.0757670,Fort,
4.7767726,51.1984519,52,
4.7740824,51.1973381,51,
4.7053429,51.0961171,41,
4.9282412,51.3268549,17,
5.0945166,51.2347552,56,
5.1115635,51.2379455,11,
4.5814216,51.1300743,8,
5.0711641,51.2475904,40,
5.0550910,51.2516973,95,
5.0535143,51.2480150,137,
2.7297002,50.8579568,76,
6.0619336,50.7069144,89,
5.0216069,51.0958669,168,
3.4600625,51.2378097,52,
6.2609704,50.3748037,7,
5.7737195,51.0664599,52,
2.6230147,50.8582722,14,
3.1627323,50.8420129,19,
4.5645175,51.3970458,10,
4.5076277,51.4118637,83,
4.5319797,51.4745054,14,
4.5356107,51.4718287,15,
5.5327399,51.0159510,295,
3.1634589,50.8403733,9,
5.2408858,51.3053720,06,
3.8585658,50.7931429,38,
2.7591535,50.7856172,35,
5.5110063,51.2818685,115,
5.5247951,51.2150794,61,
5.5060230,51.2151887,60,
5.2176812,51.1165678,20,
4.9440712,51.3319735,11,
4.0021395,51.0238829,23,
4.8387107,51.3820369,49,
4.8638617,51.4034448,60,
4.8549007,51.3442277,43,
3.2464700,51.1849172,28,
6.1116560,50.6759390,47,
4.4500578,51.0700638,170,
4.8570756,51.3763145,48,
4.8732942,51.3918587,86,
3.7102653,50.8969834,89,
4.0900098,50.7244964,355,
4.7844834,51.2191904,6,
4.7916541,51.2291533,65,
4.4833117,51.3951754,*,
4.4093493,51.4553970,03,
4.4021687,51.4382322,45,
4.3969946,51.4309141,68,
4.4009830,51.4476449,01,
4.3836201,51.0918028,110,
3.3515522,51.1206070,93,
5.1836058,51.2307390,57,
2.9912202,50.8692726,17,
2.9875323,50.8697377,10,
2.9900746,50.8696502,11,
2.9927450,50.8697163,16,
2.9900046,50.8700148,12,
2.9925671,50.8701126,15,
2.9918987,50.8705291,13,
5.0277120,51.2482062,59,
5.0343593,51.2690017,91,
2.9883295,50.8716674,7,
5.0447050,51.0311268,240,
5.0516389,51.1176623,39,
2.9810979,50.8129932,16,
6.0156713,50.2557089,5,
6.0222584,50.2543366,66,
4.9642104,51.0566171,126,
6.1616661,50.2335729,71,
6.1943040,50.2806534,19,
5.2694525,50.9614466,113,
5.2788966,50.9551667,106,
5.6108768,51.0042814,322,
5.1562658,51.2928512,1,
3.8422325,50.9133409,3,
4.0139844,50.7239064,401,
5.3220697,51.1825950,177,
5.3026830,51.1897930,112,
5.3337113,51.1917379,462,
5.3502241,51.1919230,461,
5.3549734,51.1942081,402,
5.3586039,51.2026064,459,
5.3665578,51.2036300,456,
5.3747692,51.2087840,454,
5.3561205,51.2092854,451,
5.3554598,51.2094627,451,
5.3797527,51.2099522,450,
5.3659539,51.2104324,452,
5.3623013,51.2135647,92,
4.3281129,51.1295935,312,
4.3378618,51.1373193,326,
3.2674084,50.8166119,42,
4.0427390,51.0232697,68,
4.3349531,51.1444068,324,
2.9947404,50.8582151,28,
2.9924117,50.8576274,29,
3.9268903,50.9453846,13,
2.9252558,50.8960242,31,
5.5123520,51.1360009,248,
5.5116158,51.1180760,239,
4.7746475,50.9095456,112,
5.0479913,51.1155568,37,
5.0414292,51.1194145,36,
5.0410638,51.1134619,24,
5.0703524,51.1081262,14,
5.0380593,51.1116273,25,
4.3553919,51.1361637,319,
5.5101905,51.2264470,71,
5.4117593,51.2304839,436,
5.4970124,51.2325083,73,
5.4118939,51.2329931,44,
3.3035215,50.8283713,12,
3.3133833,50.8290194,29,
5.0848352,51.1227345,46,
5.0885364,51.1237245,49,
5.0795281,51.1279102,80,
5.0784946,51.1303183,79,
5.0887883,51.1352262,97,
5.0882261,51.1365088,74,
5.0975469,51.1372772,39,
4.6305951,51.1311508,57,
2.7784314,50.9629622,60,
4.7531908,51.1401450,47,
5.0162107,51.2870560,31,
5.0244193,51.2888805,86,
5.0178175,51.2837856,30,
5.4093687,51.0529877,51,
5.3750208,51.1690181,226,
5.3831131,51.1703191,225,
5.3827053,51.1875529,404,
5.3804396,51.1902439,444,
5.3849564,51.1948478,447,
5.3816335,51.1964613,446,
5.3863010,51.1968279,448,
5.3749130,51.1980525,480,
4.1835123,51.0175924,22,
3.2259159,51.1987286,2,
4.8746123,51.3300599,34,
4.8443724,51.3307841,39,
4.8455543,51.3326274,38,
4.8413687,51.3330396,40,
6.1007038,50.2016205,39,
5.4931378,51.2816181,188,
5.7045996,51.1210983,265,
3.8875504,50.9482897,35,
4.7620407,51.3989092,85,
3.1741633,50.7788366,74,
5.3342141,51.0059125,77,
5.3402803,51.0452993,134,
5.3404299,51.0531571,135,
5.3728564,51.1443434,231,
5.3509302,51.2054941,115,
4.2441276,50.7838294,712,
3.9492508,50.9356812,53,
2.8169843,50.9912290,34,
5.3745337,51.1754512,223,
5.4327487,51.2018542,472,
6.0438139,50.3373739,56,
5.4599433,51.2049586,22,
5.4556376,51.2120030,03,
5.4565328,51.2041857,21,
5.7379779,51.0919835,235,
5.7418261,51.1061329,223,
5.0197151,50.9988456,936,
3.9735401,51.0183560,17,
5.4552660,51.2178268,02,
5.4128428,51.2294510,435,
5.4253513,51.1923502,460,
5.3663784,51.2055579,453,
5.6046742,51.0036367,321,
5.3688774,51.1601762,227,
4.0641493,50.7467326,450,
4.3228069,50.9415043,510,
4.3218367,50.9177273,52,
5.0421814,51.2260321,132,
5.2468935,51.0771789,01,
5.5325115,51.0125416,296,
5.1610371,51.2607960,34,
5.1584996,51.2656298,33,
5.2060411,51.1613919,88,
5.1985758,51.1644292,95,
5.1426621,51.1512220,82,
5.0713172,51.1261519,81,
5.0698839,51.1275394,82,
5.0636884,51.1366022,90,
3.1850987,50.7946057,67,
5.6345566,51.1169912,189,
5.6553840,51.1228566,210,
3.4619023,50.8066673,47,
3.2125624,50.7875117,58,
5.2496596,51.0894010,07,
3.8700816,51.1436749,15,
3.5926971,50.8134914,32,
3.9934358,51.1554244,41,
3.8697681,51.1489660,16,
3.2856534,51.1927442,48,
6.1299344,50.6400926,2,
3.8862608,51.1458325,12,
5.2758592,51.1959369,155,
6.3427122,50.4682549,32,
4.8742109,50.9182251,240,
3.4446484,51.1574903,26,
4.8204027,51.2465818,19,
4.8256207,51.2498049,37,
3.4331704,50.8182869,64,
2.8905140,50.8554286,27,
5.0102750,51.1040810,47,
3.2705124,50.8347529,65,
5.5034225,51.1149504,242,
5.5164787,51.1233440,243,
5.5132351,51.1256173,231,
4.9640920,51.0833245,326,
4.9585527,51.0886722,325,
3.3326509,50.8428433,42,
3.9114500,51.0326970,16,
5.4838639,51.1224073,237,
5.0630149,51.0862596,364,
3.8752641,50.7779144,46,
3.7867926,50.8454742,50,
3.9703945,50.8856511,9,
4.6866746,51.2332626,82,
5.0618194,50.9828636,272,
3.2329737,51.1889025,30,
5.3806013,51.0456520,127,
4.0195660,50.8720705,70,
5.3880413,50.9781701,114,
2.8922320,50.7656082,42,
5.7072945,50.9298851,104,
5.7176231,50.9371985,102,
5.1699318,51.1664817,34,
3.1361088,51.1422523,15,
5.3459581,51.1226262,267,
5.0467773,50.8396438,19,
4.8691233,51.2333455,94,
4.8651186,51.2350317,97,
4.8661838,51.2536785,61,
4.5449886,51.3086115,32,
3.4139561,50.8269648,14,
5.3675346,51.2002678,457,
5.3636768,51.1958326,401,
4.7290314,51.0751630,70,
4.0257974,50.9289090,22,
5.3680315,51.2419729,82,
5.3661358,51.2428127,74,
4.6532161,51.3050687,40,
3.4428107,51.1527211,1,
3.2424684,51.1290442,41,
6.2130174,50.4270344,45,
3.4684485,51.1516276,17,
4.7786210,51.0793554,28,
4.8466504,51.2184406,74,
4.8336865,51.2231891,84,
2.7292318,50.8575083,48,
2.7310584,50.8583441,65,
5.3486432,51.2505388,77,
5.3448100,51.2517364,78,
5.3481467,51.2602177,60,
5.3476361,51.2473457,107,
5.1577911,51.2075228,21,
6.2411030,50.4349944,69,
3.9576755,51.0176575,85,
5.6540601,50.9750749,38,
2.7999979,50.7990204,14,
3.0774147,51.1704519,50,
4.0671433,50.8024733,11,
5.0784732,51.3330831,25,
4.7315196,51.0672258,11,
3.4559009,51.1534460,21,
3.4661609,51.1531802,22,
5.4214318,50.9353265,87,
4.8998467,51.4106759,22,
4.9009178,51.4137403,23,
3.6891676,50.9040157,96,
3.6871893,50.9041582,98,
5.3406935,51.2081200,97,
4.0884305,50.7698696,249,
4.1004094,50.7343993,269,
5.2648993,51.1829786,167,
5.2611878,51.1655574,162,
5.2702142,51.1744741,156,
5.2656888,51.1837666,163,
4.2874838,50.8990856,218,
5.0437534,51.4636242,03,
3.9788230,51.0145454,18,
4.0452443,50.7718027,636,
3.2565439,50.7992401,22,
4.7967282,51.0400914,3,
4.8006217,51.0407586,2,
4.8004893,51.0429187,1,
4.7979033,51.0487163,96,
4.0614546,50.7730359,239,
5.3037103,51.2117508,125,
4.8530304,51.0627983,393,
4.2770717,50.8082105,715,
3.2878207,51.3436526,24,
4.2245315,50.8109673,727,
2.8056474,50.9919969,30,
2.8040302,50.9958261,31,
5.2664364,51.1934891,152,
3.7139966,50.7964431,4,
6.1807658,50.4427030,29,
4.5653212,51.1234329,37,
5.1487421,51.1627880,01,
3.5568056,51.1652318,4,
3.5613236,51.1629795,14,
3.5675383,51.1601167,15,
4.6697494,50.9847638,59,
3.8535473,50.9490689,6,
3.8527461,50.9485341,6,
3.8274897,50.9320756,44,
3.8570538,50.9179824,73,
3.8706116,50.9105347,77,
3.8775955,50.9362521,32,
3.8857377,50.9237583,14,
3.8979233,50.9263701,8,
3.8970049,50.9289583,10,
3.8959944,50.9413398,24,
3.9072472,50.9517456,29,
3.8978671,50.9383036,18,
3.8887099,50.9348948,22,
3.9213265,50.9260069,5,
3.9121263,50.9252864,6,
3.8434530,51.1790774,61,
4.1715802,50.7582824,314,
6.0353864,50.3141871,67,
4.2236560,50.8018222,745,
4.5473740,51.2932101,61,
4.8242475,51.2555944,25,
4.8345558,51.2663699,76,
4.8599966,51.3570180,81,
3.7432220,50.7638306,26,
4.1398923,50.8316858,17,
6.2057444,50.4269542,44,
3.9949768,50.8097312,70,
5.3953729,51.1698507,410,
5.3900112,51.1741543,407,
5.3894882,51.1768677,406,
5.4229439,51.1793417,492,
3.5768026,50.7908365,80,
3.5826863,50.8087412,27,
2.8439781,50.9199424,68,
2.8443901,50.9202248,66,
4.6196478,51.2716062,84,
3.9865238,51.0038031,52,
3.9937997,50.8075101,69,
2.8754236,50.8463673,61,
6.0794590,50.2701882,40,
3.2694404,50.8008436,79,
4.9054290,51.4045953,20,
4.0912860,51.0287995,16,
4.0938320,51.0218535,17,
5.3934653,51.2574428,84,
5.3419910,51.2471996,80,
5.3064246,51.1908232,106,
5.3251259,51.2077094,98,
4.1284625,51.0474797,170,
5.1242040,51.3133839,61,
5.1282310,51.3165402,58,
5.1241678,51.3224481,56,
5.1172740,51.3236988,55,
5.0825135,51.1315315,72,
4.8498128,51.4007890,45,
3.9101487,50.8861520,69,
5.0344552,51.3537926,33,
4.3994823,51.1050024,114,
3.9390862,50.9249596,47,
5.3970227,51.1721524,405,
4.5387554,50.9687566,201,
4.9376254,51.3300555,14,
4.9391232,51.3301403,13,
5.2943949,51.2465152,34,
5.2818516,51.2441401,03,
5.2787336,51.2518269,30,
3.8509528,51.1790250,59,
4.5592292,50.9928116,26,
3.2381249,50.7952303,6,
3.7485549,50.7705841,35,Pays des Collines
4.0833195,50.7060956,353,
5.3550950,51.2452932,109,
5.3356022,51.2480762,67,
5.3449195,51.2485773,79,
5.1499265,51.0945085,35,
3.7494794,50.7189128,58,
3.3781426,51.0812919,28,
3.3783423,51.0834404,27,
3.3754497,51.0785509,18,
3.7140453,50.7972672,3,
5.3216878,51.1634683,217,
5.1667535,51.0880103,50,
2.8926038,50.8485114,10,
4.0765576,50.7175972,431,
5.2807420,51.2377970,06,
5.3123368,51.2528773,48,
4.1336556,51.0545028,171,
4.5161935,51.2967594,93,
3.8234766,50.7636879,32,
3.8250277,50.9623576,2,
4.2742848,50.9089722,215,
3.9798833,50.7502139,607,
3.6790028,50.8921534,13,
3.6340039,50.8767124,22,
3.6291107,50.8752166,21,
3.6733668,50.8903708,14,
4.6276404,51.0027619,9,
3.2098727,50.7887388,61,
2.6272656,50.8283703,42,
6.1046441,50.2452800,90,
3.2156046,50.7912576,60,
5.1245837,51.0845209,69,
3.7570231,50.8068061,83,Getuigenheuvels Vlaamse Ardennen
5.1424541,51.0282911,922,
3.7234234,50.7708330,51,
3.8430283,51.1862628,63,
3.7209330,50.7882903,26,
3.7287059,50.8100609,6,
4.9935779,51.0820091,333,
2.7571026,51.1333923,99,
2.6822256,50.8715714,59,
5.0456503,51.1286818,07,
5.0430409,51.1365714,62,
5.0471334,51.1358880,03,
5.0513989,51.1373832,02,
6.1157106,50.6722117,6,
6.1169667,50.6673072,58,
5.1605636,51.0962635,29,
5.1598556,51.0957990,28,
5.1788216,51.1160772,4,
5.0859313,51.3342777,26,
5.0026836,50.8211661,207,
2.8903209,50.7605321,47,
4.2274417,50.9619516,41,
4.2265430,50.9612436,40,
4.9925427,50.8151158,209,
3.9315839,51.0133310,2,
3.0523118,50.8070294,32,
3.9866623,51.0088352,46,
3.9872527,51.0072946,49,
5.3526817,51.1230428,271,
5.3547439,51.1482103,288,
5.3679089,51.1506325,289,
4.9976737,51.3593132,20,
3.4616983,50.9802681,82,
3.4559255,50.9802643,83,
3.4524856,50.9810882,52,
4.0486767,51.0421100,75,
3.9907546,51.0072010,50,
3.9799254,51.0093044,48,
3.9814000,51.0100838,47,
3.9811571,51.0188612,16,
3.6239049,50.7793358,56,
4.9784226,51.3804489,78,
5.0038540,51.3630701,95,
5.0058990,51.3607557,97,
5.0214843,51.3637640,23,
5.0334291,51.3737956,92,
5.0322236,51.3770748,87,
5.0229240,51.3649585,98,
5.0384943,51.3710528,91,
5.0456922,51.3688289,90,
5.0325873,51.3635982,26,
5.0417904,51.3844756,72,
5.0417961,51.3838750,88,
5.0116491,51.3943125,73,
5.0446239,51.3963481,71,
4.7263614,51.2532597,62,
4.9545121,51.3494752,67,
3.9558510,50.9411445,61,
3.9559101,50.9434985,62,
3.9378221,50.9455163,55,
4.0343317,51.0357900,66,
3.8393275,50.8856525,8,
3.8938618,50.8921385,68,
3.6662909,50.7675627,39,
3.6659972,50.7635678,93,
3.9657255,50.9002061,29,
5.2789557,51.2354905,22,
5.3030445,51.2599885,59,
4.9572927,51.3514075,62,
5.0408518,51.3524653,32,
5.0259217,51.3542428,43,
5.0641371,51.3497443,17,
5.0950301,51.3419249,16,
5.0118362,51.3387401,39,
3.9407616,51.0091914,94,
5.0738771,51.2047008,79,
5.3470723,51.1207980,270,
5.2511984,51.0117148,63,
3.1184295,51.1544645,28,
3.1203646,51.1493435,27,
3.1204274,51.1491306,26,
3.7776553,50.7751199,1,
3.7776090,50.7753481,1,
3.6614033,50.7127206,45,
5.0459566,50.8357745,100,
5.0432379,50.8315195,129,
3.7683495,50.7895517,14,Bronbossen
3.7699528,50.7905246,15,
5.1075639,50.8345052,32,
5.1104564,50.8332086,33,
5.2986739,51.1896308,142,
5.2694629,51.1951680,153,
5.2935458,51.1978325,147,
3.7759107,50.7627024,95,
3.9164734,51.1813854,3,
4.1664840,50.9556036,710,
6.1823982,50.5197143,8,
3.2577837,50.8348374,67,
3.9173062,51.1819452,4,
3.9193185,51.1884455,5,
3.2643623,50.8294903,57,
5.3504836,51.2474993,76,
4.0720827,50.9463895,97,
3.9642891,51.0217907,5,
5.5245455,51.2153514,61,
5.5085808,51.2194924,58,
2.9464787,50.8545044,59,
5.4104248,51.1502820,241,
3.6509270,51.1756800,36,
4.6811177,50.9683252,633,
5.4356624,51.1317835,312,
5.4362555,51.1434567,390,
5.4370195,51.1515152,322,
5.4363880,51.1534615,323,
4.5628415,50.9918650,27,
4.0739461,51.0366350,79,
4.0768927,51.0411095,78,
4.0619336,51.0411872,77,
5.1586195,51.1537822,47,
4.0881123,51.0451963,15,
5.1128300,50.8117639,312,
3.9372677,51.1960936,10,
3.3203604,51.1160687,15,
2.8288850,50.7666596,27,
4.1331792,50.9181374,16,
4.2674603,50.9753374,407,
3.5782634,51.1624424,16,
4.5882998,51.3001384,50,
4.6040107,51.3277261,23,
4.3499505,50.9784995,343,
5.6619424,50.8985036,65,
2.9365298,50.8897906,34,
4.2304881,50.9426903,408,
5.3576427,51.1312894,255,
5.3512030,51.1324662,260,
3.9377904,50.8868473,35,
3.7689890,50.8337822,43,
3.7493920,50.8753228,94,
5.1706546,51.0983766,31,
3.9306545,51.0137672,2,
3.9338493,51.0154946,4,
3.9373822,51.0190897,95,
5.2201666,51.2374832,46,
5.4314468,51.1577648,324,
5.4274945,51.1606074,244,
5.4400826,51.1693766,328,
5.4331368,51.1714948,245,
5.4305311,51.1938930,479,
4.8098515,50.9874400,710,
5.4998726,51.2463396,148,
5.4945700,51.2532285,146,
5.4797640,51.2545012,142,
5.4802305,51.2553746,141,
3.4507640,51.1637902,27,
3.4494794,51.1708803,28,
3.4571660,51.1567975,25,
3.4708269,51.1591420,33,
3.5661725,51.2557468,25,
4.4982513,51.1869026,22,
4.4835939,51.1932778,1,
5.1348780,51.0270337,921,
3.7314691,50.9078158,81,
4.5069391,50.9470819,304,
5.3339277,51.0484116,137,
5.5520682,51.2469521,121,
3.4752627,50.8085616,33,
2.9959133,50.8668385,19,
2.9937425,50.8710777,14,
3.2669570,50.8274188,55,
5.0619687,51.1434269,96,
4.1015208,50.9877337,70,
4.6447004,51.2411876,08,
6.2285857,50.6016104,95,
6.2283819,50.6034225,48,
4.4791860,51.4323585,62,
2.7609087,50.7878345,33,
6.1333147,50.6268665,94,
4.8847409,50.9866743,736,
6.2732929,50.2747659,15,
5.1237850,51.2527361,41,
3.1477559,51.1405759,18,
4.3147130,50.9105710,59,
5.2833759,51.2360865,07,
5.2889078,51.2387739,23,
5.2949738,51.2508465,36,
5.0592819,51.4537804,14,
5.0629621,51.4552227,13,
5.0666195,51.4600637,10,
3.4585789,51.1471168,12,
3.4662238,51.1491999,18,
3.4544907,51.1509643,20,
4.9784680,50.9824909,148,
3.9606096,51.1512254,40,
3.9240142,51.1533647,48,
4.7835181,50.9444462,67,
5.0115210,51.4560383,19,
5.0485542,51.0363308,239,
4.1615257,50.9442067,75,
4.1710580,51.0664223,165,
4.1730823,51.0738897,142,
5.4064870,50.9218384,91,
5.4084072,50.9208713,92,
5.4125488,50.9221938,93,
3.6907662,50.7448651,10,
3.7324670,50.7331084,98,
3.8994723,51.0122987,8,
3.9352177,51.0175167,97,
3.1178484,51.1429342,1,
4.1050816,50.7761340,255,
3.4938929,51.1508362,70,
3.8697025,51.1494570,17,
5.1897624,51.1178042,18,
5.0370765,51.0501154,305,
5.0365220,51.0512192,304,
5.0324959,51.0096687,934,
5.4854706,51.2294159,77,
3.9693458,50.9414466,68,
5.1820601,51.1105344,17,
5.0088380,51.0397952,110,
4.9460930,51.0917764,217,
3.9753461,50.9402327,71,
5.0865497,51.3216263,47,
4.7494338,51.1343697,79,
5.0123174,51.1034955,48,
3.9522725,50.9378716,57,
5.1687329,51.0972331,30,
5.1613877,51.1012896,27,
5.1851337,51.1405663,62,
3.6350117,50.6826965,57,
3.9988966,51.1604155,36,
4.6768606,51.1497472,29,
3.3781545,51.0954939,76,
5.0598198,51.1363471,93,
5.0712814,51.1388144,92,
4.8397424,50.9855922,745,
4.9074846,51.1124684,178,
4.9061603,51.1222008,176,
5.1104912,50.8904537,429,
5.1039644,50.8945538,43,
3.5091072,50.7588234,76,Getuigenheuvels Vlaamse Ardennen
5.0719026,51.1237551,44,
3.9546595,50.6970131,53,
3.9651527,50.6928165,49,
3.9400302,50.6937595,51,
5.1297860,51.0832789,66,
5.1766421,51.0833323,55,
5.1563462,51.0904445,49,
4.8019850,51.3215326,50,
3.7033582,50.7065702,69,
5.7899818,50.7432756,46,
2.8269317,50.7514232,30,
5.2553525,51.1585991,13,
5.2444807,51.1588909,93,
3.9334218,50.7450857,25,Bronbossen
5.6736105,51.0700330,167,
3.7162804,50.7586350,5,
4.8639566,50.9263417,232,
4.0413877,51.0187373,30,
3.9487019,51.1623289,44,
5.0817893,51.3271949,39,
3.8962944,50.7479051,17,
3.9093236,50.7379719,19,
3.9139829,50.7392960,20,Bronbossen
4.4399179,50.9825655,832,
3.3105695,50.7619635,48,
3.3095584,50.7680859,51,
3.9766894,50.7858868,52,
3.9642959,50.7843202,57,
5.4490321,51.1721005,330,
4.6315895,51.3037655,62,
3.7985460,50.7740561,86,
2.9952034,50.8506944,51,
2.9926287,50.8573049,30,
3.7878809,50.7607439,80,
5.1585659,51.1116737,21,
5.1059327,51.1339527,61,
5.1140400,51.0805539,71,
5.6863973,51.0637420,157,
4.4634614,50.9780326,824,
5.0372262,51.1052017,31,
5.1404090,51.1274860,92,
4.8924212,51.1878823,61,
2.8144728,50.8754100,77,
3.3049912,50.7544704,43,
5.4433032,51.2406091,84,
3.7761076,50.7755757,2,
3.7749502,50.7798756,6,
3.7686563,50.8540318,63,
5.0886702,51.1364537,74,
2.7352179,50.9317052,35,
5.6034368,51.0399543,327,
5.4484076,50.9205823,96,
5.5359778,50.9335562,113,
3.9499536,51.0142114,99,
2.7817939,50.7960461,52,
3.8705691,50.7569578,56,
4.1061233,50.9116344,101,
3.6281768,51.2634070,27,
5.0534864,51.1078002,16,
3.4530088,51.1411813,7,
3.9582914,51.0127287,87,
3.9561430,51.0136032,89,
4.6731656,51.2945523,70,
3.9989402,50.8777946,76,
5.6611593,50.9683363,45,
4.4761555,51.1878414,3,
4.4839532,51.1880802,10,
3.7916243,50.8217479,34,Bronbossen
5.3638549,51.0030383,75,
4.4851460,51.1843252,14,
2.9547898,50.8253692,79,
2.9667705,50.8226403,80,
5.5362741,50.9345952,115,
4.2273049,51.3270495,88,
3.0316933,50.8225149,23,
5.1436266,51.0380352,926,
4.4902858,50.9561303,870,
3.0004525,51.2662787,56,
3.6539232,50.6989409,8,
3.6515345,50.7268765,44,
3.8924795,50.7186860,506,
3.9014546,50.7091775,505,
3.9054613,50.7045586,504,
4.2167897,50.7598175,387,
4.2382455,50.7426625,391,
5.0913519,51.3233938,51,
5.0904193,51.3220029,67,
4.7969546,51.3298100,20,
4.8026778,51.3326604,21,
3.3834222,50.9740659,73,
3.3873929,50.9749705,67,
3.3711767,50.9750127,31,
3.3728007,50.9752425,37,
3.3742277,50.9758400,41,
3.3769554,50.9766065,43,
3.3855180,50.9767516,61,
5.0099880,51.4505951,20,
3.3925345,51.0903391,11,
3.0549988,50.8879163,79,
4.8639833,51.3852079,66,
4.8569778,51.4016005,44,
5.1466770,51.1847713,73,
3.3665507,50.7483814,95,
5.0694681,51.3263680,24,
5.0847106,51.3234846,48,
5.0968497,51.3235961,58,
5.0816920,51.3271696,39,
4.1174703,50.9259127,13,
4.1031047,50.9297251,10,
4.1010581,50.9305001,11,
4.8653597,51.2654180,65,
4.0047518,51.1708522,21,
4.0035759,51.1729814,20,
4.0020467,51.1740287,18,
3.9968460,50.8800866,78,
3.9878757,50.8721286,80,
4.4608975,50.9758804,825,
5.1816823,51.2180326,73,
5.1677697,51.2138718,90,
5.1616533,51.2140278,92,
5.1768103,51.2176752,93,
3.8633334,50.9029878,66,
3.2265672,50.7740553,42,
3.2228451,50.8278915,99,
4.8305906,51.2251571,83,
4.6983998,51.3404004,81,
4.8380107,51.2454923,35,
5.1181158,51.0843632,70,
4.8139408,51.2362468,14,
3.4089817,50.7348003,5,
4.9211983,51.2500257,9,
2.6691778,50.8378168,50,
2.7084179,50.8441646,38,
3.7912348,50.6503590,89,
5.4429773,51.1568047,326,
5.4355541,51.1606316,325,
5.4176288,51.1612526,240,
3.4908117,50.8043226,28,
3.3943066,50.8355589,99,
5.4312535,50.9539689,65,
5.4312263,50.9566254,66,
4.8590983,51.1969469,17,
4.9039144,51.2096442,29,
3.6557821,50.7246290,43,
3.6759562,50.6681820,54,
3.3685439,51.1138708,84,
4.2355500,51.3361320,89,
3.7295272,50.8417036,44,
5.5429899,51.2506246,161,
3.9802193,50.7142542,42,
3.9343383,50.9288309,2,
3.9378569,50.9311393,49,
3.6325304,50.8547363,24,
3.1441337,51.1383474,17,
3.6627799,50.7083730,6,
4.9371217,51.3313751,80,
4.9346466,51.3339956,20,
4.9359566,51.3340825,21,
5.0514795,51.3200164,42,
5.0466499,51.3203470,43,
5.0475458,51.3233095,21,
6.1951015,50.5723801,71,
3.6773347,50.6930023,17,
3.9102071,50.9192376,4,
4.7621347,51.3408569,87,
4.7868644,51.3379459,02,
6.1662437,50.5934871,65,
4.2520838,51.3089874,26,
5.1198875,51.1693507,97,
3.7119890,50.6860942,79,
3.6592400,50.6873405,1,
4.7129733,50.8085280,113,
3.6381578,50.6852113,90,
3.1886371,50.8009091,75,
5.3878028,51.0640144,52,
5.3978182,51.0514884,129,
3.4855151,50.7469782,42,
3.5822952,50.6957749,1,
4.0027420,50.9175162,24,
5.3871710,50.9697057,72,
3.5824925,50.6908774,52,
5.5154861,51.1425119,259,
5.5277243,51.1411058,250,
5.5559365,51.1539367,256,
4.1658798,51.0402312,153,
3.6000205,50.6888139,33,
3.6002091,50.6885151,34,
5.1733640,51.2034202,50,
5.1697511,51.1827403,37,
5.6568900,50.9040152,74,
4.8640882,51.2688639,69,
5.1920065,50.9863858,24,
4.3097463,51.0882435,31,
3.2803848,51.1870571,40,
4.6057887,50.7888013,262,
4.6311826,50.8186033,210,
4.6317161,50.8171252,213,
3.5774100,50.6785927,87,
5.1576968,51.1382560,74,
5.1930957,51.0899245,58,
5.6675155,50.8999755,75,
4.3341686,51.1415293,07,
4.7180817,51.4542267,34,
4.7039398,51.4579119,33,
3.9232990,50.8841955,72,
3.5657637,50.6854584,86,
4.5553467,50.9923029,28,
5.4009640,51.1161084,341,
3.9319767,50.8895382,84,
5.2125488,51.1810048,53,
3.9016236,50.9051276,86,
3.2367318,51.1927413,5,
3.6806641,50.6600406,56,
3.7662725,50.8459375,57,
5.1112321,51.3593908,08,
5.0939169,51.3707321,03,
5.1298616,51.3393941,84,
3.9618073,50.8747974,99,
3.7054889,50.8795292,64,
5.0453065,51.3828273,31,
5.0745738,51.3910160,99,
4.9887137,51.4189313,40,
5.0360978,51.2627152,99,
5.1157650,51.3321257,33,
4.8463793,51.4128256,58,
4.8676056,51.4008810,61,
4.8645929,51.3964470,62,
4.8815821,51.4047858,94,
4.8920985,51.4047324,25,
4.9007562,51.3987916,51,
4.8860673,51.3994987,28,
3.7729761,50.8231144,40,Bronbossen
4.8590591,51.4114177,56,
5.1912300,51.1781110,27,
4.6793276,51.2328810,84,
4.9432471,51.2318504,150,
4.9485723,51.2335733,30,
4.9488961,51.2322951,10,
4.9651441,51.2327659,16,
3.6866106,50.9008476,99,
5.6109871,51.0433409,333,
5.6704495,50.9724961,44,
5.6645918,50.9743303,41,
5.0526547,51.1252343,06,
5.1542187,51.1876060,76,
4.7765658,51.3248442,80,
4.7743721,51.3214782,81,
4.7895257,51.3245607,46,
2.6606819,51.1141675,52,
4.7420928,51.1995790,11,
5.5581817,51.0202364,287,
5.5497126,51.0060092,276,
5.5448636,51.0204109,288,
4.7425325,51.2015210,15,
4.9603362,51.3783003,62,
3.2479627,50.7947098,25,
3.2639256,50.8045140,72,
5.0850648,51.3121673,70,
5.3198181,51.2505854,56,
4.7162282,51.1279755,4,
3.7873079,50.8776507,88,
3.4217769,50.8323826,15,
5.0568066,51.3229826,22,
4.9315202,51.4423228,87,
4.0406045,50.8701764,68,
4.0484449,50.8711076,66,
2.7594500,50.8748284,15,
5.1829749,51.2223978,77,
5.1837397,51.2283483,89,
4.5013383,51.2908854,94,
5.6584427,50.9758299,40,
5.6590980,50.9774242,39,
5.3672866,51.1107173,297,
5.3032176,51.2137199,127,
3.7596762,50.8262566,41,
4.9363616,51.4420341,74,
3.7642424,50.7737654,3,
3.7168544,50.8829916,5,
5.0854635,51.4559731,95,
3.7707283,50.8502510,60,
3.7624558,50.8687258,80,
4.0930503,50.9954766,73,
4.9429242,51.2323626,90,
3.4806998,50.8363331,36,
5.3916769,51.0858160,58,
3.8621660,50.8959174,56,
3.3611012,50.7573383,90,
3.3702339,50.7549943,19,
3.3577768,50.7480084,75,
3.3721544,50.7527415,20,
4.9544646,51.0582906,150,
3.8758130,50.9054414,79,
2.7537989,50.9415770,24,
5.4143854,51.1358042,357,
3.4197559,50.8224942,12,
5.1267402,50.9044967,410,
4.8262108,51.1847153,13,
4.7646868,50.9761744,620,
5.2328666,51.0797178,03,
4.8586487,51.2982788,20,
3.5879082,50.6875679,40,
4.9108793,51.3945295,53,
4.9130067,51.3969475,17,
3.3391973,51.1243634,24,
3.4563968,50.7608399,83,Wallonie Picarde
6.3695100,50.4488421,45,
3.5842805,50.6923360,29,
4.0134861,50.8880419,89,
3.8034339,50.6540220,94,
3.2643822,50.8294195,57,
4.7259149,51.2291539,17,
5.1047746,51.2331520,17,
5.1104433,51.2388771,52,
5.1191719,51.2394638,02,
5.8957046,50.7457932,81,
3.7848300,50.8332678,37,
3.7756380,50.8329926,38,
5.1502585,51.2770244,17,
3.7911527,50.8497840,53,
3.7742123,50.7993835,20,
3.7787503,50.8169036,26,
5.0892636,51.2537632,114,
5.0581425,51.2464510,41,
5.0629812,51.2511316,138,
3.7676157,50.8509451,52,
4.8062436,51.3304815,21,
4.8990168,51.4100278,22,
3.8065073,50.7837407,24,
3.7758845,50.7653074,96,
4.2303328,51.0326851,74,
5.1744720,51.2292006,78,
5.1838983,51.2188932,71,
4.9252709,51.3940179,12,
5.0487123,51.2641131,02,
5.1679388,51.2151728,91,
3.7918517,50.8166441,27,
3.8248627,50.7885745,23,
5.1855508,51.2376193,56,
5.2260034,51.2682044,1,
4.9097284,51.1080769,342,
3.8291566,50.7966443,58,
4.8350275,51.3549741,09,
4.4258952,51.3464818,29,
4.5891368,51.1252338,43,
6.0520849,50.2937793,94,
3.7695650,50.7599360,97,Bronbossen
4.6481330,50.9460490,526,
3.9420331,51.2052413,82,
4.8149301,51.4616294,48,
4.8091540,51.4651101,3,